bank,m,g,readout,method,metric,mean,sd,n_seeds
development,0.0,0.0,ALL,ols_std,M,-0.004617578300846942,0.004282989927214652,10
development,0.0,0.0,ALL,ols_std,N,-0.004150610019705955,0.005024774407904251,10
development,0.0,0.0,ALL,ols_std,N_long_C1,-0.005229308099724668,0.0020170299917405873,10
development,0.0,0.0,ALL,ridge,M,-0.004617466374898358,0.0042829377843968015,10
development,0.0,0.0,ALL,ridge,N,-0.004150468428063422,0.005024561534337033,10
development,0.0,0.0,ALL,ridge,N_long_C1,-0.0052290809468774156,0.0020169473592164724,10
development,0.0,0.0,CLS,ols_std,M,-0.004617578300846905,0.004282989927214659,10
development,0.0,0.0,CLS,ols_std,N,-0.0041506100197059624,0.005024774407904253,10
development,0.0,0.0,CLS,ols_std,N_long_C1,-0.005229308099724673,0.0020170299917405925,10
development,0.0,0.0,CLS,ridge,M,-0.0046174523855314325,0.00428293126718772,10
development,0.0,0.0,CLS,ridge,N,-0.004150450730924882,0.0050245349276819146,10
development,0.0,0.0,CLS,ridge,N_long_C1,-0.005229052555421548,0.0020169370310559546,10
development,0.0,0.0,J,ols_raw,M,-0.004617578300846912,0.004282989927214658,10
development,0.0,0.0,J,ols_raw,N,-0.00415061001970594,0.005024774407904252,10
development,0.0,0.0,J,ols_raw,N_long_C1,-0.005229308099724668,0.0020170299917405964,10
development,0.0,0.0,J,ols_std,M,-0.004617578300846905,0.004282989927214659,10
development,0.0,0.0,J,ols_std,N,-0.0041506100197059624,0.005024774407904253,10
development,0.0,0.0,J,ols_std,N_long_C1,-0.005229308099724673,0.0020170299917405925,10
development,0.0,0.0,J,ridge,M,-0.0046174523855314325,0.00428293126718772,10
development,0.0,0.0,J,ridge,N,-0.004150450730924882,0.0050245349276819146,10
development,0.0,0.0,J,ridge,N_long_C1,-0.005229052555421548,0.0020169370310559546,10
development,0.0,0.0,P,ols_raw,M,-0.004617578300846922,0.004282989927214649,10
development,0.0,0.0,P,ols_raw,N,-0.004150610019705998,0.005024774407904258,10
development,0.0,0.0,P,ols_raw,N_long_C1,-0.005229308099724664,0.0020170299917405972,10
development,0.0,0.0,P,ols_std,M,-0.004617578300846914,0.004282989927214647,10
development,0.0,0.0,P,ols_std,N,-0.004150610019705977,0.0050247744079042565,10
development,0.0,0.0,P,ols_std,N_long_C1,-0.005229308099724662,0.0020170299917405946,10
development,0.0,0.0,P,ridge,M,-0.004616571671667784,0.004282520970929074,10
development,0.0,0.0,P,ridge,N,-0.004149336624564807,0.005022859845941347,10
development,0.0,0.0,P,ridge,N_long_C1,-0.0052272650801463445,0.002016286762071763,10
development,0.0,0.0,R,ols_raw,M,-0.003714912040205179,0.0037326524614011082,10
development,0.0,0.0,R,ols_raw,N,-0.0031756640967874157,0.0026414051303449153,10
development,0.0,0.0,R,ols_raw,N_long_C1,-0.003079626808742434,0.001144383696280112,10
development,0.0,0.0,R,ols_std,M,-0.003714912040205179,0.0037326524614011082,10
development,0.0,0.0,R,ols_std,N,-0.0031756640967874157,0.0026414051303449153,10
development,0.0,0.0,R,ols_std,N_long_C1,-0.003079626808742434,0.001144383696280112,10
development,0.0,0.0,R,ridge,M,-0.003714912040205179,0.0037326524614011082,10
development,0.0,0.0,R,ridge,N,-0.0031756640967874157,0.0026414051303449153,10
development,0.0,0.0,R,ridge,N_long_C1,-0.003079626808742434,0.001144383696280112,10
development,0.0,0.25,ALL,ols_std,M,-0.004722324084629316,0.004162773556563998,10
development,0.0,0.25,ALL,ols_std,N,0.022771043825746937,0.014286429145768945,10
development,0.0,0.25,ALL,ols_std,N_long_C1,-0.004959572278299357,0.001821927057514721,10
development,0.0,0.25,ALL,ridge,M,-0.004722205771175637,0.004162723452676285,10
development,0.0,0.25,ALL,ridge,N,0.022771019336034586,0.014285735731107332,10
development,0.0,0.25,ALL,ridge,N_long_C1,-0.004959366270769146,0.0018218545409834522,10
development,0.0,0.25,CLS,ols_std,M,-0.0047223240846293165,0.004162773556563985,10
development,0.0,0.25,CLS,ols_std,N,0.02277104382574696,0.014286429145768963,10
development,0.0,0.25,CLS,ols_std,N_long_C1,-0.004959572278299357,0.0018219270575147077,10
development,0.0,0.25,CLS,ridge,M,-0.004722190983424913,0.004162717190375299,10
development,0.0,0.25,CLS,ridge,N,0.02277101626348685,0.014285649058993608,10
development,0.0,0.25,CLS,ridge,N_long_C1,-0.0049593405222626286,0.0018218454772632926,10
development,0.0,0.25,J,ols_raw,M,-0.004722324084629319,0.0041627735565640004,10
development,0.0,0.25,J,ols_raw,N,0.022771043825746955,0.014286429145768942,10
development,0.0,0.25,J,ols_raw,N_long_C1,-0.004959572278299368,0.0018219270575147142,10
development,0.0,0.25,J,ols_std,M,-0.0047223240846293165,0.004162773556563985,10
development,0.0,0.25,J,ols_std,N,0.02277104382574696,0.014286429145768963,10
development,0.0,0.25,J,ols_std,N_long_C1,-0.004959572278299357,0.0018219270575147077,10
development,0.0,0.25,J,ridge,M,-0.004722190983424913,0.004162717190375299,10
development,0.0,0.25,J,ridge,N,0.02277101626348685,0.014285649058993608,10
development,0.0,0.25,J,ridge,N_long_C1,-0.0049593405222626286,0.0018218454772632926,10
development,0.0,0.25,P,ols_raw,M,-0.004722324084629313,0.004162773556564006,10
development,0.0,0.25,P,ols_raw,N,0.02277104382574698,0.014286429145768963,10
development,0.0,0.25,P,ols_raw,N_long_C1,-0.004959572278299368,0.001821927057514716,10
development,0.0,0.25,P,ols_std,M,-0.004722324084629326,0.004162773556564006,10
development,0.0,0.25,P,ols_std,N,0.022771043825746955,0.014286429145768945,10
development,0.0,0.25,P,ols_std,N_long_C1,-0.004959572278299374,0.0018219270575147114,10
development,0.0,0.25,P,ridge,M,-0.004721259995796025,0.004162322972074272,10
development,0.0,0.25,P,ridge,N,0.02277081762054547,0.014280190829124337,10
development,0.0,0.25,P,ridge,N_long_C1,-0.004957719456435011,0.0018212748417601368,10
development,0.0,0.25,R,ols_raw,M,-0.003714912040205179,0.0037326524614011082,10
development,0.0,0.25,R,ols_raw,N,-0.0031756640967874157,0.0026414051303449153,10
development,0.0,0.25,R,ols_raw,N_long_C1,-0.003079626808742434,0.001144383696280112,10
development,0.0,0.25,R,ols_std,M,-0.003714912040205179,0.0037326524614011082,10
development,0.0,0.25,R,ols_std,N,-0.0031756640967874157,0.0026414051303449153,10
development,0.0,0.25,R,ols_std,N_long_C1,-0.003079626808742434,0.001144383696280112,10
development,0.0,0.25,R,ridge,M,-0.003714912040205179,0.0037326524614011082,10
development,0.0,0.25,R,ridge,N,-0.0031756640967874157,0.0026414051303449153,10
development,0.0,0.25,R,ridge,N_long_C1,-0.003079626808742434,0.001144383696280112,10
development,0.0,0.5,ALL,ols_std,M,-0.004838482099667243,0.004045200203835188,10
development,0.0,0.5,ALL,ols_std,N,0.09081115325033146,0.01872951806718309,10
development,0.0,0.5,ALL,ols_std,N_long_C1,-0.004753004693014255,0.0018643923242494219,10
development,0.0,0.5,ALL,ridge,M,-0.004838357201759555,0.004045153788720537,10
development,0.0,0.5,ALL,ridge,N,0.0908110886771779,0.018728926281092538,10
development,0.0,0.5,ALL,ridge,N_long_C1,-0.004752810408136545,0.001864313702173365,10
development,0.0,0.5,CLS,ols_std,M,-0.004838482099667247,0.004045200203835195,10
development,0.0,0.5,CLS,ols_std,N,0.09081115325033146,0.0187295180671831,10
development,0.0,0.5,CLS,ols_std,N_long_C1,-0.00475300469301426,0.0018643923242494197,10
development,0.0,0.5,CLS,ridge,M,-0.0048383415910045625,0.004045147987504271,10
development,0.0,0.5,CLS,ridge,N,0.09081108056409327,0.018728852308915595,10
development,0.0,0.5,CLS,ridge,N_long_C1,-0.004752786124868064,0.001864303875320573,10
development,0.0,0.5,J,ols_raw,M,-0.004838482099667238,0.004045200203835193,10
development,0.0,0.5,J,ols_raw,N,0.09081115325033144,0.018729518067183086,10
development,0.0,0.5,J,ols_raw,N_long_C1,-0.004753004693014265,0.0018643923242494082,10
development,0.0,0.5,J,ols_std,M,-0.004838482099667247,0.004045200203835195,10
development,0.0,0.5,J,ols_std,N,0.09081115325033146,0.0187295180671831,10
development,0.0,0.5,J,ols_std,N_long_C1,-0.00475300469301426,0.0018643923242494197,10
development,0.0,0.5,J,ridge,M,-0.0048383415910045625,0.004045147987504271,10
development,0.0,0.5,J,ridge,N,0.09081108056409327,0.018728852308915595,10
development,0.0,0.5,J,ridge,N_long_C1,-0.004752786124868064,0.001864303875320573,10
development,0.0,0.5,P,ols_raw,M,-0.0048384820996672465,0.004045200203835189,10
development,0.0,0.5,P,ols_raw,N,0.09081115325033143,0.01872951806718308,10
development,0.0,0.5,P,ols_raw,N_long_C1,-0.004753004693014248,0.0018643923242494132,10
development,0.0,0.5,P,ols_std,M,-0.0048384820996672405,0.004045200203835189,10
development,0.0,0.5,P,ols_std,N,0.09081115325033143,0.018729518067183086,10
development,0.0,0.5,P,ols_std,N_long_C1,-0.0047530046930142605,0.0018643923242494323,10
development,0.0,0.5,P,ridge,M,-0.004837358777608812,0.004044782812144974,10
development,0.0,0.5,P,ridge,N,0.09081055089371526,0.018724192547960358,10
development,0.0,0.5,P,ridge,N_long_C1,-0.004751257327145696,0.0018636851895413905,10
development,0.0,0.5,R,ols_raw,M,-0.003714912040205179,0.0037326524614011082,10
development,0.0,0.5,R,ols_raw,N,-0.0031756640967874157,0.0026414051303449153,10
development,0.0,0.5,R,ols_raw,N_long_C1,-0.003079626808742434,0.001144383696280112,10
development,0.0,0.5,R,ols_std,M,-0.003714912040205179,0.0037326524614011082,10
development,0.0,0.5,R,ols_std,N,-0.0031756640967874157,0.0026414051303449153,10
development,0.0,0.5,R,ols_std,N_long_C1,-0.003079626808742434,0.001144383696280112,10
development,0.0,0.5,R,ridge,M,-0.003714912040205179,0.0037326524614011082,10
development,0.0,0.5,R,ridge,N,-0.0031756640967874157,0.0026414051303449153,10
development,0.0,0.5,R,ridge,N_long_C1,-0.003079626808742434,0.001144383696280112,10
development,0.0,0.75,ALL,ols_std,M,-0.004927775869828241,0.003966714303009991,10
development,0.0,0.75,ALL,ols_std,N,0.18471778876093273,0.013978210209240215,10
development,0.0,0.75,ALL,ols_std,N_long_C1,-0.004675049930762242,0.0018348871825710367,10
development,0.0,0.75,ALL,ridge,M,-0.004927646399367237,0.003966672567997359,10
development,0.0,0.75,ALL,ridge,N,0.18471787741839057,0.013978038294355857,10
development,0.0,0.75,ALL,ridge,N_long_C1,-0.00467485350901249,0.0018348134445966293,10
development,0.0,0.75,CLS,ols_std,M,-0.004927775869828248,0.003966714303009971,10
development,0.0,0.75,CLS,ols_std,N,0.1847177887609327,0.013978210209240227,10
development,0.0,0.75,CLS,ols_std,N_long_C1,-0.0046750499307622465,0.0018348871825710413,10
development,0.0,0.75,CLS,ridge,M,-0.004927630217075616,0.003966667351719992,10
development,0.0,0.75,CLS,ridge,N,0.18471788841425665,0.013978016804794465,10
development,0.0,0.75,CLS,ridge,N_long_C1,-0.004674828958704449,0.0018348042281989812,10
development,0.0,0.75,J,ols_raw,M,-0.004927775869828239,0.003966714303009979,10
development,0.0,0.75,J,ols_raw,N,0.18471778876093273,0.013978210209240232,10
development,0.0,0.75,J,ols_raw,N_long_C1,-0.004675049930762238,0.0018348871825710493,10
development,0.0,0.75,J,ols_std,M,-0.004927775869828248,0.003966714303009971,10
development,0.0,0.75,J,ols_std,N,0.1847177887609327,0.013978210209240227,10
development,0.0,0.75,J,ols_std,N_long_C1,-0.0046750499307622465,0.0018348871825710413,10
development,0.0,0.75,J,ridge,M,-0.004927630217075616,0.003966667351719992,10
development,0.0,0.75,J,ridge,N,0.18471788841425665,0.013978016804794465,10
development,0.0,0.75,J,ridge,N_long_C1,-0.004674828958704449,0.0018348042281989812,10
development,0.0,0.75,P,ols_raw,M,-0.004927775869828248,0.003966714303009983,10
development,0.0,0.75,P,ols_raw,N,0.18471778876093276,0.013978210209240194,10
development,0.0,0.75,P,ols_raw,N_long_C1,-0.0046750499307622465,0.0018348871825710523,10
development,0.0,0.75,P,ols_std,M,-0.004927775869828248,0.003966714303009979,10
development,0.0,0.75,P,ols_std,N,0.18471778876093276,0.013978210209240203,10
development,0.0,0.75,P,ols_std,N_long_C1,-0.0046750499307622526,0.0018348871825710489,10
development,0.0,0.75,P,ridge,M,-0.004926611411451112,0.003966338994612422,10
development,0.0,0.75,P,ridge,N,0.1847185425234406,0.013976662871209767,10
development,0.0,0.75,P,ridge,N_long_C1,-0.004673283368496297,0.0018342239753045815,10
development,0.0,0.75,R,ols_raw,M,-0.003714912040205179,0.0037326524614011082,10
development,0.0,0.75,R,ols_raw,N,-0.0031756640967874157,0.0026414051303449153,10
development,0.0,0.75,R,ols_raw,N_long_C1,-0.003079626808742434,0.001144383696280112,10
development,0.0,0.75,R,ols_std,M,-0.003714912040205179,0.0037326524614011082,10
development,0.0,0.75,R,ols_std,N,-0.0031756640967874157,0.0026414051303449153,10
development,0.0,0.75,R,ols_std,N_long_C1,-0.003079626808742434,0.001144383696280112,10
development,0.0,0.75,R,ridge,M,-0.003714912040205179,0.0037326524614011082,10
development,0.0,0.75,R,ridge,N,-0.0031756640967874157,0.0026414051303449153,10
development,0.0,0.75,R,ridge,N_long_C1,-0.003079626808742434,0.001144383696280112,10
development,0.0,1.0,ALL,ols_std,M,-0.004941009188857587,0.003985948911405716,10
development,0.0,1.0,ALL,ols_std,N,0.27630090987706324,0.007832130992489358,10
development,0.0,1.0,ALL,ols_std,N_long_C1,-0.0047972635568614645,0.001819065799212042,10
development,0.0,1.0,ALL,ridge,M,-0.004940880188965692,0.003985907474519426,10
development,0.0,1.0,ALL,ridge,N,0.2763011638819607,0.007831696869605055,10
development,0.0,1.0,ALL,ridge,N_long_C1,-0.004797047297933484,0.001818993042432419,10
development,0.0,1.0,CLS,ols_std,M,-0.004941009188857585,0.0039859489114057265,10
development,0.0,1.0,CLS,ols_std,N,0.2763009098770632,0.00783213099248935,10
development,0.0,1.0,CLS,ols_std,N_long_C1,-0.004797263556861471,0.0018190657992120268,10
development,0.0,1.0,CLS,ridge,M,-0.00494086406548175,0.003985902295453792,10
development,0.0,1.0,CLS,ridge,N,0.27630119550223736,0.007831642617368113,10
development,0.0,1.0,CLS,ridge,N_long_C1,-0.0047970202682390455,0.0018189839487146905,10
development,0.0,1.0,J,ols_raw,M,-0.004941009188857591,0.003985948911405721,10
development,0.0,1.0,J,ols_raw,N,0.2763009098770633,0.00783213099248938,10
development,0.0,1.0,J,ols_raw,N_long_C1,-0.004797263556861467,0.0018190657992120322,10
development,0.0,1.0,J,ols_std,M,-0.004941009188857585,0.0039859489114057265,10
development,0.0,1.0,J,ols_std,N,0.2763009098770632,0.00783213099248935,10
development,0.0,1.0,J,ols_std,N_long_C1,-0.004797263556861471,0.0018190657992120268,10
development,0.0,1.0,J,ridge,M,-0.00494086406548175,0.003985902295453792,10
development,0.0,1.0,J,ridge,N,0.27630119550223736,0.007831642617368113,10
development,0.0,1.0,J,ridge,N_long_C1,-0.0047970202682390455,0.0018189839487146905,10
development,0.0,1.0,P,ols_raw,M,-0.004941009188857596,0.003985948911405715,10
development,0.0,1.0,P,ols_raw,N,0.27630090987706324,0.007832130992489328,10
development,0.0,1.0,P,ols_raw,N_long_C1,-0.004797263556861469,0.0018190657992120372,10
development,0.0,1.0,P,ols_std,M,-0.004941009188857597,0.003985948911405716,10
development,0.0,1.0,P,ols_std,N,0.2763009098770632,0.007832130992489328,10
development,0.0,1.0,P,ols_std,N_long_C1,-0.004797263556861459,0.0018190657992120456,10
development,0.0,1.0,P,ridge,M,-0.004939848958704119,0.003985576258379977,10
development,0.0,1.0,P,ridge,N,0.27630312924838685,0.007828230598125381,10
development,0.0,1.0,P,ridge,N_long_C1,-0.004795318593557888,0.0018184114382769822,10
development,0.0,1.0,R,ols_raw,M,-0.003714912040205179,0.0037326524614011082,10
development,0.0,1.0,R,ols_raw,N,-0.0031756640967874157,0.0026414051303449153,10
development,0.0,1.0,R,ols_raw,N_long_C1,-0.003079626808742434,0.001144383696280112,10
development,0.0,1.0,R,ols_std,M,-0.003714912040205179,0.0037326524614011082,10
development,0.0,1.0,R,ols_std,N,-0.0031756640967874157,0.0026414051303449153,10
development,0.0,1.0,R,ols_std,N_long_C1,-0.003079626808742434,0.001144383696280112,10
development,0.0,1.0,R,ridge,M,-0.003714912040205179,0.0037326524614011082,10
development,0.0,1.0,R,ridge,N,-0.0031756640967874157,0.0026414051303449153,10
development,0.0,1.0,R,ridge,N_long_C1,-0.003079626808742434,0.001144383696280112,10
development,0.25,0.0,ALL,ols_std,M,0.1956850716048224,0.02175480475502292,10
development,0.25,0.0,ALL,ols_std,N,-0.04039164367702062,0.04247851626557822,10
development,0.25,0.0,ALL,ols_std,N_long_C1,-0.03480375643217165,0.012136861288945575,10
development,0.25,0.0,ALL,ridge,M,0.14659343447326695,0.020571745566896293,10
development,0.25,0.0,ALL,ridge,N,-0.02316086958504773,0.018136960310735462,10
development,0.25,0.0,ALL,ridge,N_long_C1,-0.02107176487886179,0.010974605848330286,10
development,0.25,0.0,CLS,ols_std,M,-0.010424594104180172,0.004147385358716678,10
development,0.25,0.0,CLS,ols_std,N,-0.011127503012338683,0.012912304613311446,10
development,0.25,0.0,CLS,ols_std,N_long_C1,-0.014489788008559023,0.00565130276348768,10
development,0.25,0.0,CLS,ridge,M,-0.005885877893762598,0.004330562423196854,10
development,0.25,0.0,CLS,ridge,N,-0.006127045863090678,0.007911920833268892,10
development,0.25,0.0,CLS,ridge,N_long_C1,-0.006876545507926964,0.0029704311195719426,10
development,0.25,0.0,J,ols_raw,M,-0.010424594104163555,0.004147385358710819,10
development,0.25,0.0,J,ols_raw,N,-0.011127503012365769,0.012912304613309557,10
development,0.25,0.0,J,ols_raw,N_long_C1,-0.014489788008537655,0.005651302763475483,10
development,0.25,0.0,J,ols_std,M,-0.010424594104180172,0.004147385358716678,10
development,0.25,0.0,J,ols_std,N,-0.011127503012338683,0.012912304613311446,10
development,0.25,0.0,J,ols_std,N_long_C1,-0.014489788008559023,0.00565130276348768,10
development,0.25,0.0,J,ridge,M,-0.005885877893762598,0.004330562423196854,10
development,0.25,0.0,J,ridge,N,-0.006127045863090678,0.007911920833268892,10
development,0.25,0.0,J,ridge,N_long_C1,-0.006876545507926964,0.0029704311195719426,10
development,0.25,0.0,P,ols_raw,M,-0.004617578300846922,0.004282989927214649,10
development,0.25,0.0,P,ols_raw,N,-0.004150610019705998,0.005024774407904258,10
development,0.25,0.0,P,ols_raw,N_long_C1,-0.005229308099724664,0.0020170299917405972,10
development,0.25,0.0,P,ols_std,M,-0.004617578300846914,0.004282989927214647,10
development,0.25,0.0,P,ols_std,N,-0.004150610019705977,0.0050247744079042565,10
development,0.25,0.0,P,ols_std,N_long_C1,-0.005229308099724662,0.0020170299917405946,10
development,0.25,0.0,P,ridge,M,-0.004616571671667784,0.004282520970929074,10
development,0.25,0.0,P,ridge,N,-0.004149336624564807,0.005022859845941347,10
development,0.25,0.0,P,ridge,N_long_C1,-0.0052272650801463445,0.002016286762071763,10
development,0.25,0.0,R,ols_raw,M,0.20608863164619007,0.02146123326144615,10
development,0.25,0.0,R,ols_raw,N,-0.015379123074777961,0.012652454840553317,10
development,0.25,0.0,R,ols_raw,N_long_C1,-0.014207233143118453,0.0057953907510766576,10
development,0.25,0.0,R,ols_std,M,0.2060886316461276,0.02146123326145764,10
development,0.25,0.0,R,ols_std,N,-0.015379123074768236,0.012652454840549531,10
development,0.25,0.0,R,ols_std,N_long_C1,-0.014207233143124684,0.005795390751089641,10
development,0.25,0.0,R,ridge,M,0.1529195203514323,0.019376071842888108,10
development,0.25,0.0,R,ridge,N,-0.010359390588010631,0.009099195624807403,10
development,0.25,0.0,R,ridge,N_long_C1,-0.00938322297389812,0.004820839509470551,10
development,0.25,0.25,ALL,ols_std,M,0.19535430845564322,0.022021678544045454,10
development,0.25,0.25,ALL,ols_std,N,-0.009111655974131886,0.03120834331954315,10
development,0.25,0.25,ALL,ols_std,N_long_C1,-0.02472032925320291,0.01469099297933806,10
development,0.25,0.25,ALL,ridge,M,0.14633905276723316,0.02053470809261908,10
development,0.25,0.25,ALL,ridge,N,0.0034647111491557707,0.013464869001246748,10
development,0.25,0.25,ALL,ridge,N_long_C1,-0.013413028321715665,0.01191643112032749,10
development,0.25,0.25,CLS,ols_std,M,0.0066020765498062016,0.006878959348756265,10
development,0.25,0.25,CLS,ols_std,N,-0.0036069629727401263,0.017222785039452567,10
development,0.25,0.25,CLS,ols_std,N_long_C1,-0.0062020839579268764,0.007485468779715392,10
development,0.25,0.25,CLS,ridge,M,0.0064317379313641315,0.006318842799866699,10
development,0.25,0.25,CLS,ridge,N,-0.001040156834264516,0.013342924080103865,10
development,0.25,0.25,CLS,ridge,N_long_C1,-0.0007752272798187651,0.004897058102621313,10
development,0.25,0.25,J,ols_raw,M,0.006602076549807781,0.006878959348756651,10
development,0.25,0.25,J,ols_raw,N,-0.00360696297269542,0.01722278503943636,10
development,0.25,0.25,J,ols_raw,N_long_C1,-0.006202083957932024,0.0074854687797221865,10
development,0.25,0.25,J,ols_std,M,0.0066020765498062016,0.006878959348756265,10
development,0.25,0.25,J,ols_std,N,-0.0036069629727401263,0.017222785039452567,10
development,0.25,0.25,J,ols_std,N_long_C1,-0.0062020839579268764,0.007485468779715392,10
development,0.25,0.25,J,ridge,M,0.0064317379313641315,0.006318842799866699,10
development,0.25,0.25,J,ridge,N,-0.001040156834264516,0.013342924080103865,10
development,0.25,0.25,J,ridge,N_long_C1,-0.0007752272798187651,0.004897058102621313,10
development,0.25,0.25,P,ols_raw,M,-0.004722324084629313,0.004162773556564006,10
development,0.25,0.25,P,ols_raw,N,0.02277104382574698,0.014286429145768963,10
development,0.25,0.25,P,ols_raw,N_long_C1,-0.004959572278299368,0.001821927057514716,10
development,0.25,0.25,P,ols_std,M,-0.004722324084629326,0.004162773556564006,10
development,0.25,0.25,P,ols_std,N,0.022771043825746955,0.014286429145768945,10
development,0.25,0.25,P,ols_std,N_long_C1,-0.004959572278299374,0.0018219270575147114,10
development,0.25,0.25,P,ridge,M,-0.004721259995796025,0.004162322972074272,10
development,0.25,0.25,P,ridge,N,0.02277081762054547,0.014280190829124337,10
development,0.25,0.25,P,ridge,N_long_C1,-0.004957719456435011,0.0018212748417601368,10
development,0.25,0.25,R,ols_raw,M,0.20608863164619007,0.02146123326144615,10
development,0.25,0.25,R,ols_raw,N,-0.015379123074777961,0.012652454840553317,10
development,0.25,0.25,R,ols_raw,N_long_C1,-0.014207233143118453,0.0057953907510766576,10
development,0.25,0.25,R,ols_std,M,0.2060886316461276,0.02146123326145764,10
development,0.25,0.25,R,ols_std,N,-0.015379123074768236,0.012652454840549531,10
development,0.25,0.25,R,ols_std,N_long_C1,-0.014207233143124684,0.005795390751089641,10
development,0.25,0.25,R,ridge,M,0.1529195203514323,0.019376071842888108,10
development,0.25,0.25,R,ridge,N,-0.010359390588010631,0.009099195624807403,10
development,0.25,0.25,R,ridge,N_long_C1,-0.00938322297389812,0.004820839509470551,10
development,0.25,0.5,ALL,ols_std,M,0.19495796416972305,0.022607007818617006,10
development,0.25,0.5,ALL,ols_std,N,0.06456388893702261,0.022402283304836717,10
development,0.25,0.5,ALL,ols_std,N_long_C1,-0.0011160789308687312,0.01656697205727527,10
development,0.25,0.5,ALL,ridge,M,0.14633131144882341,0.020614897581592455,10
development,0.25,0.5,ALL,ridge,N,0.07387084092246596,0.012184139159794249,10
development,0.25,0.5,ALL,ridge,N_long_C1,0.003685669714073684,0.0122655445634164,10
development,0.25,0.5,CLS,ols_std,M,0.04142853567849743,0.007761701180259021,10
development,0.25,0.5,CLS,ols_std,N,0.009498864143443232,0.021388803125857187,10
development,0.25,0.5,CLS,ols_std,N_long_C1,0.00772982664214644,0.008085309990032126,10
development,0.25,0.5,CLS,ridge,M,0.031170588676452726,0.006532081492779411,10
development,0.25,0.5,CLS,ridge,N,0.010330583192626744,0.019301224724080624,10
development,0.25,0.5,CLS,ridge,N_long_C1,0.009532161708261428,0.005578861055397702,10
development,0.25,0.5,J,ols_raw,M,0.041428535678485964,0.007761701180264284,10
development,0.25,0.5,J,ols_raw,N,0.009498864143403207,0.021388803125855827,10
development,0.25,0.5,J,ols_raw,N_long_C1,0.007729826642155847,0.008085309990030692,10
development,0.25,0.5,J,ols_std,M,0.04142853567849743,0.007761701180259021,10
development,0.25,0.5,J,ols_std,N,0.009498864143443232,0.021388803125857187,10
development,0.25,0.5,J,ols_std,N_long_C1,0.00772982664214644,0.008085309990032126,10
development,0.25,0.5,J,ridge,M,0.031170588676452726,0.006532081492779411,10
development,0.25,0.5,J,ridge,N,0.010330583192626744,0.019301224724080624,10
development,0.25,0.5,J,ridge,N_long_C1,0.009532161708261428,0.005578861055397702,10
development,0.25,0.5,P,ols_raw,M,-0.0048384820996672465,0.004045200203835189,10
development,0.25,0.5,P,ols_raw,N,0.09081115325033143,0.01872951806718308,10
development,0.25,0.5,P,ols_raw,N_long_C1,-0.004753004693014248,0.0018643923242494132,10
development,0.25,0.5,P,ols_std,M,-0.0048384820996672405,0.004045200203835189,10
development,0.25,0.5,P,ols_std,N,0.09081115325033143,0.018729518067183086,10
development,0.25,0.5,P,ols_std,N_long_C1,-0.0047530046930142605,0.0018643923242494323,10
development,0.25,0.5,P,ridge,M,-0.004837358777608812,0.004044782812144974,10
development,0.25,0.5,P,ridge,N,0.09081055089371526,0.018724192547960358,10
development,0.25,0.5,P,ridge,N_long_C1,-0.004751257327145696,0.0018636851895413905,10
development,0.25,0.5,R,ols_raw,M,0.20608863164619007,0.02146123326144615,10
development,0.25,0.5,R,ols_raw,N,-0.015379123074777961,0.012652454840553317,10
development,0.25,0.5,R,ols_raw,N_long_C1,-0.014207233143118453,0.0057953907510766576,10
development,0.25,0.5,R,ols_std,M,0.2060886316461276,0.02146123326145764,10
development,0.25,0.5,R,ols_std,N,-0.015379123074768236,0.012652454840549531,10
development,0.25,0.5,R,ols_std,N_long_C1,-0.014207233143124684,0.005795390751089641,10
development,0.25,0.5,R,ridge,M,0.1529195203514323,0.019376071842888108,10
development,0.25,0.5,R,ridge,N,-0.010359390588010631,0.009099195624807403,10
development,0.25,0.5,R,ridge,N_long_C1,-0.00938322297389812,0.004820839509470551,10
development,0.25,0.75,ALL,ols_std,M,0.19478816823072223,0.023605932237019987,10
development,0.25,0.75,ALL,ols_std,N,0.16007638793100812,0.01905431309671376,10
development,0.25,0.75,ALL,ols_std,N_long_C1,0.029635327925769672,0.017252695385707555,10
development,0.25,0.75,ALL,ridge,M,0.14663469997079234,0.020819516152284497,10
development,0.25,0.75,ALL,ridge,N,0.16910843549341403,0.011353705734445775,10
development,0.25,0.75,ALL,ridge,N_long_C1,0.025475422939738333,0.011720880673694924,10
development,0.25,0.75,CLS,ols_std,M,0.07351777003414653,0.0091459690390138,10
development,0.25,0.75,CLS,ols_std,N,0.0029087468725194385,0.032101777261849145,10
development,0.25,0.75,CLS,ols_std,N_long_C1,0.01941726570292049,0.008184048235622196,10
development,0.25,0.75,CLS,ridge,M,0.05391404465088737,0.00750597070717474,10
development,0.25,0.75,CLS,ridge,N,0.006591606510797833,0.028969475305352904,10
development,0.25,0.75,CLS,ridge,N_long_C1,0.018237564968258242,0.0053384010377215225,10
development,0.25,0.75,J,ols_raw,M,0.07351777003416535,0.009145969038984018,10
development,0.25,0.75,J,ols_raw,N,0.0029087468725245876,0.03210177726194339,10
development,0.25,0.75,J,ols_raw,N_long_C1,0.01941726570292058,0.008184048235567894,10
development,0.25,0.75,J,ols_std,M,0.07351777003414653,0.0091459690390138,10
development,0.25,0.75,J,ols_std,N,0.0029087468725194385,0.032101777261849145,10
development,0.25,0.75,J,ols_std,N_long_C1,0.01941726570292049,0.008184048235622196,10
development,0.25,0.75,J,ridge,M,0.05391404465088737,0.00750597070717474,10
development,0.25,0.75,J,ridge,N,0.006591606510797833,0.028969475305352904,10
development,0.25,0.75,J,ridge,N_long_C1,0.018237564968258242,0.0053384010377215225,10
development,0.25,0.75,P,ols_raw,M,-0.004927775869828248,0.003966714303009983,10
development,0.25,0.75,P,ols_raw,N,0.18471778876093276,0.013978210209240194,10
development,0.25,0.75,P,ols_raw,N_long_C1,-0.0046750499307622465,0.0018348871825710523,10
development,0.25,0.75,P,ols_std,M,-0.004927775869828248,0.003966714303009979,10
development,0.25,0.75,P,ols_std,N,0.18471778876093276,0.013978210209240203,10
development,0.25,0.75,P,ols_std,N_long_C1,-0.0046750499307622526,0.0018348871825710489,10
development,0.25,0.75,P,ridge,M,-0.004926611411451112,0.003966338994612422,10
development,0.25,0.75,P,ridge,N,0.1847185425234406,0.013976662871209767,10
development,0.25,0.75,P,ridge,N_long_C1,-0.004673283368496297,0.0018342239753045815,10
development,0.25,0.75,R,ols_raw,M,0.20608863164619007,0.02146123326144615,10
development,0.25,0.75,R,ols_raw,N,-0.015379123074777961,0.012652454840553317,10
development,0.25,0.75,R,ols_raw,N_long_C1,-0.014207233143118453,0.0057953907510766576,10
development,0.25,0.75,R,ols_std,M,0.2060886316461276,0.02146123326145764,10
development,0.25,0.75,R,ols_std,N,-0.015379123074768236,0.012652454840549531,10
development,0.25,0.75,R,ols_std,N_long_C1,-0.014207233143124684,0.005795390751089641,10
development,0.25,0.75,R,ridge,M,0.1529195203514323,0.019376071842888108,10
development,0.25,0.75,R,ridge,N,-0.010359390588010631,0.009099195624807403,10
development,0.25,0.75,R,ridge,N_long_C1,-0.00938322297389812,0.004820839509470551,10
development,0.25,1.0,ALL,ols_std,M,0.19491837159073838,0.024715042760883155,10
development,0.25,1.0,ALL,ols_std,N,0.25110809171299897,0.019700299866032042,10
development,0.25,1.0,ALL,ols_std,N_long_C1,0.05885658683245596,0.017531524539402883,10
development,0.25,1.0,ALL,ridge,M,0.14709284435301115,0.020933447668882676,10
development,0.25,1.0,ALL,ridge,N,0.2610817364927634,0.012701907140344675,10
development,0.25,1.0,ALL,ridge,N_long_C1,0.04545742487919473,0.011697342362039481,10
development,0.25,1.0,CLS,ols_std,M,0.09518992433341238,0.01026788632285332,10
development,0.25,1.0,CLS,ols_std,N,-0.026404547090467727,0.04975721076875021,10
development,0.25,1.0,CLS,ols_std,N_long_C1,0.02676300882726641,0.008592224124684404,10
development,0.25,1.0,CLS,ridge,M,0.06900594483397374,0.008806510186234257,10
development,0.25,1.0,CLS,ridge,N,-0.016361975508468084,0.0435981299069071,10
development,0.25,1.0,CLS,ridge,N_long_C1,0.023475383306322893,0.005389940864962068,10
development,0.25,1.0,J,ols_raw,M,0.09518992433342804,0.010267886322844446,10
development,0.25,1.0,J,ols_raw,N,-0.026404547090561625,0.04975721076894742,10
development,0.25,1.0,J,ols_raw,N_long_C1,0.02676300882725156,0.008592224124668627,10
development,0.25,1.0,J,ols_std,M,0.09518992433341238,0.01026788632285332,10
development,0.25,1.0,J,ols_std,N,-0.026404547090467727,0.04975721076875021,10
development,0.25,1.0,J,ols_std,N_long_C1,0.02676300882726641,0.008592224124684404,10
development,0.25,1.0,J,ridge,M,0.06900594483397374,0.008806510186234257,10
development,0.25,1.0,J,ridge,N,-0.016361975508468084,0.0435981299069071,10
development,0.25,1.0,J,ridge,N_long_C1,0.023475383306322893,0.005389940864962068,10
development,0.25,1.0,P,ols_raw,M,-0.004941009188857596,0.003985948911405715,10
development,0.25,1.0,P,ols_raw,N,0.27630090987706324,0.007832130992489328,10
development,0.25,1.0,P,ols_raw,N_long_C1,-0.004797263556861469,0.0018190657992120372,10
development,0.25,1.0,P,ols_std,M,-0.004941009188857597,0.003985948911405716,10
development,0.25,1.0,P,ols_std,N,0.2763009098770632,0.007832130992489328,10
development,0.25,1.0,P,ols_std,N_long_C1,-0.004797263556861459,0.0018190657992120456,10
development,0.25,1.0,P,ridge,M,-0.004939848958704119,0.003985576258379977,10
development,0.25,1.0,P,ridge,N,0.27630312924838685,0.007828230598125381,10
development,0.25,1.0,P,ridge,N_long_C1,-0.004795318593557888,0.0018184114382769822,10
development,0.25,1.0,R,ols_raw,M,0.20608863164619007,0.02146123326144615,10
development,0.25,1.0,R,ols_raw,N,-0.015379123074777961,0.012652454840553317,10
development,0.25,1.0,R,ols_raw,N_long_C1,-0.014207233143118453,0.0057953907510766576,10
development,0.25,1.0,R,ols_std,M,0.2060886316461276,0.02146123326145764,10
development,0.25,1.0,R,ols_std,N,-0.015379123074768236,0.012652454840549531,10
development,0.25,1.0,R,ols_std,N_long_C1,-0.014207233143124684,0.005795390751089641,10
development,0.25,1.0,R,ridge,M,0.1529195203514323,0.019376071842888108,10
development,0.25,1.0,R,ridge,N,-0.010359390588010631,0.009099195624807403,10
development,0.25,1.0,R,ridge,N_long_C1,-0.00938322297389812,0.004820839509470551,10
development,0.5,0.0,ALL,ols_std,M,0.3458958390143823,0.021069115103258478,10
development,0.5,0.0,ALL,ols_std,N,-0.0206540092802192,0.02252565882425813,10
development,0.5,0.0,ALL,ols_std,N_long_C1,-0.02904612489061787,0.012188542323166596,10
development,0.5,0.0,ALL,ridge,M,0.2819847872715296,0.021242220166968553,10
development,0.5,0.0,ALL,ridge,N,-0.012334829472362951,0.014606261514844409,10
development,0.5,0.0,ALL,ridge,N_long_C1,-0.018764477993744942,0.007920370903080369,10
development,0.5,0.0,CLS,ols_std,M,-0.011703308799582061,0.004597334630367303,10
development,0.5,0.0,CLS,ols_std,N,-0.01141834058318843,0.012726081471113046,10
development,0.5,0.0,CLS,ols_std,N_long_C1,-0.015371778112740883,0.005529846373508044,10
development,0.5,0.0,CLS,ridge,M,-0.007295232952680255,0.004488669154868352,10
development,0.5,0.0,CLS,ridge,N,-0.007221312213814206,0.008400666187104503,10
development,0.5,0.0,CLS,ridge,N_long_C1,-0.009390813335036986,0.0034209543352031416,10
development,0.5,0.0,J,ols_raw,M,-0.011703308799579228,0.004597334630366659,10
development,0.5,0.0,J,ols_raw,N,-0.011418340583194811,0.012726081471118408,10
development,0.5,0.0,J,ols_raw,N_long_C1,-0.015371778112737525,0.005529846373508203,10
development,0.5,0.0,J,ols_std,M,-0.011703308799582061,0.004597334630367303,10
development,0.5,0.0,J,ols_std,N,-0.01141834058318843,0.012726081471113046,10
development,0.5,0.0,J,ols_std,N_long_C1,-0.015371778112740883,0.005529846373508044,10
development,0.5,0.0,J,ridge,M,-0.007295232952680255,0.004488669154868352,10
development,0.5,0.0,J,ridge,N,-0.007221312213814206,0.008400666187104503,10
development,0.5,0.0,J,ridge,N_long_C1,-0.009390813335036986,0.0034209543352031416,10
development,0.5,0.0,P,ols_raw,M,-0.004617578300846922,0.004282989927214649,10
development,0.5,0.0,P,ols_raw,N,-0.004150610019705998,0.005024774407904258,10
development,0.5,0.0,P,ols_raw,N_long_C1,-0.005229308099724664,0.0020170299917405972,10
development,0.5,0.0,P,ols_std,M,-0.004617578300846914,0.004282989927214647,10
development,0.5,0.0,P,ols_std,N,-0.004150610019705977,0.0050247744079042565,10
development,0.5,0.0,P,ols_std,N_long_C1,-0.005229308099724662,0.0020170299917405946,10
development,0.5,0.0,P,ridge,M,-0.004616571671667784,0.004282520970929074,10
development,0.5,0.0,P,ridge,N,-0.004149336624564807,0.005022859845941347,10
development,0.5,0.0,P,ridge,N_long_C1,-0.0052272650801463445,0.002016286762071763,10
development,0.5,0.0,R,ols_raw,M,0.352542596330076,0.020057298852081563,10
development,0.5,0.0,R,ols_raw,N,-0.009714864630343824,0.010638834290361983,10
development,0.5,0.0,R,ols_raw,N_long_C1,-0.012096760370972471,0.004639735888015501,10
development,0.5,0.0,R,ols_std,M,0.35254259633007584,0.020057298852083,10
development,0.5,0.0,R,ols_std,N,-0.009714864630344574,0.010638834290362083,10
development,0.5,0.0,R,ols_std,N_long_C1,-0.01209676037097246,0.004639735888014553,10
development,0.5,0.0,R,ridge,M,0.28640384519202583,0.019856512025120503,10
development,0.5,0.0,R,ridge,N,-0.0063633128403918215,0.007046450812749712,10
development,0.5,0.0,R,ridge,N_long_C1,-0.008612300015889262,0.0036487524465634445,10
development,0.5,0.25,ALL,ols_std,M,0.34563957315113397,0.021186418407062126,10
development,0.5,0.25,ALL,ols_std,N,0.008587215733753775,0.013867590777850412,10
development,0.5,0.25,ALL,ols_std,N_long_C1,-0.014723304260804709,0.011460306264782477,10
development,0.5,0.25,ALL,ridge,M,0.2819868942496422,0.02095050822185852,10
development,0.5,0.25,ALL,ridge,N,0.015556974868463061,0.012741332815187745,10
development,0.5,0.25,ALL,ridge,N_long_C1,-0.008386615672620005,0.009097917179987956,10
development,0.5,0.25,CLS,ols_std,M,0.017705071429464515,0.007647938712081462,10
development,0.5,0.25,CLS,ols_std,N,-0.012824518697710174,0.017677748516447017,10
development,0.5,0.25,CLS,ols_std,N_long_C1,-0.0027936883568705586,0.007646600015354294,10
development,0.5,0.25,CLS,ridge,M,0.015190970172768322,0.00816070650549687,10
development,0.5,0.25,CLS,ridge,N,-0.008277691904029546,0.011516384207453776,10
development,0.5,0.25,CLS,ridge,N_long_C1,-0.0007228205871311788,0.006609914891136477,10
development,0.5,0.25,J,ols_raw,M,0.01770507142946451,0.007647938712081055,10
development,0.5,0.25,J,ols_raw,N,-0.012824518697713203,0.017677748516451666,10
development,0.5,0.25,J,ols_raw,N_long_C1,-0.0027936883568675393,0.007646600015353883,10
development,0.5,0.25,J,ols_std,M,0.017705071429464515,0.007647938712081462,10
development,0.5,0.25,J,ols_std,N,-0.012824518697710174,0.017677748516447017,10
development,0.5,0.25,J,ols_std,N_long_C1,-0.0027936883568705586,0.007646600015354294,10
development,0.5,0.25,J,ridge,M,0.015190970172768322,0.00816070650549687,10
development,0.5,0.25,J,ridge,N,-0.008277691904029546,0.011516384207453776,10
development,0.5,0.25,J,ridge,N_long_C1,-0.0007228205871311788,0.006609914891136477,10
development,0.5,0.25,P,ols_raw,M,-0.004722324084629313,0.004162773556564006,10
development,0.5,0.25,P,ols_raw,N,0.02277104382574698,0.014286429145768963,10
development,0.5,0.25,P,ols_raw,N_long_C1,-0.004959572278299368,0.001821927057514716,10
development,0.5,0.25,P,ols_std,M,-0.004722324084629326,0.004162773556564006,10
development,0.5,0.25,P,ols_std,N,0.022771043825746955,0.014286429145768945,10
development,0.5,0.25,P,ols_std,N_long_C1,-0.004959572278299374,0.0018219270575147114,10
development,0.5,0.25,P,ridge,M,-0.004721259995796025,0.004162322972074272,10
development,0.5,0.25,P,ridge,N,0.02277081762054547,0.014280190829124337,10
development,0.5,0.25,P,ridge,N_long_C1,-0.004957719456435011,0.0018212748417601368,10
development,0.5,0.25,R,ols_raw,M,0.352542596330076,0.020057298852081563,10
development,0.5,0.25,R,ols_raw,N,-0.009714864630343824,0.010638834290361983,10
development,0.5,0.25,R,ols_raw,N_long_C1,-0.012096760370972471,0.004639735888015501,10
development,0.5,0.25,R,ols_std,M,0.35254259633007584,0.020057298852083,10
development,0.5,0.25,R,ols_std,N,-0.009714864630344574,0.010638834290362083,10
development,0.5,0.25,R,ols_std,N_long_C1,-0.01209676037097246,0.004639735888014553,10
development,0.5,0.25,R,ridge,M,0.28640384519202583,0.019856512025120503,10
development,0.5,0.25,R,ridge,N,-0.0063633128403918215,0.007046450812749712,10
development,0.5,0.25,R,ridge,N_long_C1,-0.008612300015889262,0.0036487524465634445,10
development,0.5,0.5,ALL,ols_std,M,0.3455428568151491,0.021081132321686378,10
development,0.5,0.5,ALL,ols_std,N,0.07947560907682914,0.010950519591798446,10
development,0.5,0.5,ALL,ols_std,N_long_C1,0.020403017840647148,0.012414077534853862,10
development,0.5,0.5,ALL,ridge,M,0.2824440015951098,0.02053845504120488,10
development,0.5,0.5,ALL,ridge,N,0.0855508913143793,0.01381273164440593,10
development,0.5,0.5,ALL,ridge,N_long_C1,0.017287948169454267,0.010199230076559623,10
development,0.5,0.5,CLS,ols_std,M,0.0778977238125706,0.00709602123602239,10
development,0.5,0.5,CLS,ols_std,N,-0.018015356255941053,0.0214890497426512,10
development,0.5,0.5,CLS,ols_std,N_long_C1,0.018336300833907644,0.008131875785804233,10
development,0.5,0.5,CLS,ridge,M,0.06256403769950947,0.007543805689431972,10
development,0.5,0.5,CLS,ridge,N,-0.010943527091502727,0.018469756624234078,10
development,0.5,0.5,CLS,ridge,N_long_C1,0.01503165689075805,0.007413235428694791,10
development,0.5,0.5,J,ols_raw,M,0.0778977238125713,0.007096021236022718,10
development,0.5,0.5,J,ols_raw,N,-0.018015356255947818,0.021489049742652075,10
development,0.5,0.5,J,ols_raw,N_long_C1,0.018336300833904147,0.008131875785803124,10
development,0.5,0.5,J,ols_std,M,0.0778977238125706,0.00709602123602239,10
development,0.5,0.5,J,ols_std,N,-0.018015356255941053,0.0214890497426512,10
development,0.5,0.5,J,ols_std,N_long_C1,0.018336300833907644,0.008131875785804233,10
development,0.5,0.5,J,ridge,M,0.06256403769950947,0.007543805689431972,10
development,0.5,0.5,J,ridge,N,-0.010943527091502727,0.018469756624234078,10
development,0.5,0.5,J,ridge,N_long_C1,0.01503165689075805,0.007413235428694791,10
development,0.5,0.5,P,ols_raw,M,-0.0048384820996672465,0.004045200203835189,10
development,0.5,0.5,P,ols_raw,N,0.09081115325033143,0.01872951806718308,10
development,0.5,0.5,P,ols_raw,N_long_C1,-0.004753004693014248,0.0018643923242494132,10
development,0.5,0.5,P,ols_std,M,-0.0048384820996672405,0.004045200203835189,10
development,0.5,0.5,P,ols_std,N,0.09081115325033143,0.018729518067183086,10
development,0.5,0.5,P,ols_std,N_long_C1,-0.0047530046930142605,0.0018643923242494323,10
development,0.5,0.5,P,ridge,M,-0.004837358777608812,0.004044782812144974,10
development,0.5,0.5,P,ridge,N,0.09081055089371526,0.018724192547960358,10
development,0.5,0.5,P,ridge,N_long_C1,-0.004751257327145696,0.0018636851895413905,10
development,0.5,0.5,R,ols_raw,M,0.352542596330076,0.020057298852081563,10
development,0.5,0.5,R,ols_raw,N,-0.009714864630343824,0.010638834290361983,10
development,0.5,0.5,R,ols_raw,N_long_C1,-0.012096760370972471,0.004639735888015501,10
development,0.5,0.5,R,ols_std,M,0.35254259633007584,0.020057298852083,10
development,0.5,0.5,R,ols_std,N,-0.009714864630344574,0.010638834290362083,10
development,0.5,0.5,R,ols_std,N_long_C1,-0.01209676037097246,0.004639735888014553,10
development,0.5,0.5,R,ridge,M,0.28640384519202583,0.019856512025120503,10
development,0.5,0.5,R,ridge,N,-0.0063633128403918215,0.007046450812749712,10
development,0.5,0.5,R,ridge,N_long_C1,-0.008612300015889262,0.0036487524465634445,10
development,0.5,0.75,ALL,ols_std,M,0.3457756494683982,0.020829305185723738,10
development,0.5,0.75,ALL,ols_std,N,0.1744642043512859,0.010502234461960526,10
development,0.5,0.75,ALL,ols_std,N_long_C1,0.06717003859137403,0.012390175383437943,10
development,0.5,0.75,ALL,ridge,M,0.28317186891447244,0.02012726189105931,10
development,0.5,0.75,ALL,ridge,N,0.18039355002673207,0.011066900688732478,10
development,0.5,0.75,ALL,ridge,N_long_C1,0.05110652408388579,0.009983758055713065,10
development,0.5,0.75,CLS,ols_std,M,0.1328237278304098,0.007688847035183654,10
development,0.5,0.75,CLS,ols_std,N,-0.030544549335254773,0.034055244592707874,10
development,0.5,0.75,CLS,ols_std,N_long_C1,0.0360237931184509,0.007565713941743631,10
development,0.5,0.75,CLS,ridge,M,0.10663291404159334,0.007870405157636106,10
development,0.5,0.75,CLS,ridge,N,-0.019104488618568203,0.032523280914705875,10
development,0.5,0.75,CLS,ridge,N_long_C1,0.028789372511617513,0.007115963523665211,10
development,0.5,0.75,J,ols_raw,M,0.13282372783041135,0.007688847035184065,10
development,0.5,0.75,J,ols_raw,N,-0.030544549335261868,0.034055244592715896,10
development,0.5,0.75,J,ols_raw,N_long_C1,0.036023793118452815,0.007565713941745003,10
development,0.5,0.75,J,ols_std,M,0.1328237278304098,0.007688847035183654,10
development,0.5,0.75,J,ols_std,N,-0.030544549335254773,0.034055244592707874,10
development,0.5,0.75,J,ols_std,N_long_C1,0.0360237931184509,0.007565713941743631,10
development,0.5,0.75,J,ridge,M,0.10663291404159334,0.007870405157636106,10
development,0.5,0.75,J,ridge,N,-0.019104488618568203,0.032523280914705875,10
development,0.5,0.75,J,ridge,N_long_C1,0.028789372511617513,0.007115963523665211,10
development,0.5,0.75,P,ols_raw,M,-0.004927775869828248,0.003966714303009983,10
development,0.5,0.75,P,ols_raw,N,0.18471778876093276,0.013978210209240194,10
development,0.5,0.75,P,ols_raw,N_long_C1,-0.0046750499307622465,0.0018348871825710523,10
development,0.5,0.75,P,ols_std,M,-0.004927775869828248,0.003966714303009979,10
development,0.5,0.75,P,ols_std,N,0.18471778876093276,0.013978210209240203,10
development,0.5,0.75,P,ols_std,N_long_C1,-0.0046750499307622526,0.0018348871825710489,10
development,0.5,0.75,P,ridge,M,-0.004926611411451112,0.003966338994612422,10
development,0.5,0.75,P,ridge,N,0.1847185425234406,0.013976662871209767,10
development,0.5,0.75,P,ridge,N_long_C1,-0.004673283368496297,0.0018342239753045815,10
development,0.5,0.75,R,ols_raw,M,0.352542596330076,0.020057298852081563,10
development,0.5,0.75,R,ols_raw,N,-0.009714864630343824,0.010638834290361983,10
development,0.5,0.75,R,ols_raw,N_long_C1,-0.012096760370972471,0.004639735888015501,10
development,0.5,0.75,R,ols_std,M,0.35254259633007584,0.020057298852083,10
development,0.5,0.75,R,ols_std,N,-0.009714864630344574,0.010638834290362083,10
development,0.5,0.75,R,ols_std,N_long_C1,-0.01209676037097246,0.004639735888014553,10
development,0.5,0.75,R,ridge,M,0.28640384519202583,0.019856512025120503,10
development,0.5,0.75,R,ridge,N,-0.0063633128403918215,0.007046450812749712,10
development,0.5,0.75,R,ridge,N_long_C1,-0.008612300015889262,0.0036487524465634445,10
development,0.5,1.0,ALL,ols_std,M,0.3462830664672708,0.02065911971364461,10
development,0.5,1.0,ALL,ols_std,N,0.264632467119248,0.014200752661199334,10
development,0.5,1.0,ALL,ols_std,N_long_C1,0.11158969318183434,0.012382711403835043,10
development,0.5,1.0,ALL,ridge,M,0.2838986945903467,0.019920297555515293,10
development,0.5,1.0,ALL,ridge,N,0.2712055512445314,0.010916362484302318,10
development,0.5,1.0,ALL,ridge,N_long_C1,0.08262610319435523,0.010781257758388582,10
development,0.5,1.0,CLS,ols_std,M,0.1691600752418227,0.007882673300645935,10
development,0.5,1.0,CLS,ols_std,N,-0.04421693741474447,0.05016585730756036,10
development,0.5,1.0,CLS,ols_std,N_long_C1,0.047109781144148655,0.008977870208139189,10
development,0.5,1.0,CLS,ridge,M,0.1357873691439197,0.008666415654327988,10
development,0.5,1.0,CLS,ridge,N,-0.02874547465008328,0.04503539438212402,10
development,0.5,1.0,CLS,ridge,N_long_C1,0.03744992953040844,0.007952807747618786,10
development,0.5,1.0,J,ols_raw,M,0.16916007524182303,0.007882673300645262,10
development,0.5,1.0,J,ols_raw,N,-0.044216937414739074,0.05016585730755511,10
development,0.5,1.0,J,ols_raw,N_long_C1,0.047109781144148544,0.008977870208139142,10
development,0.5,1.0,J,ols_std,M,0.1691600752418227,0.007882673300645935,10
development,0.5,1.0,J,ols_std,N,-0.04421693741474447,0.05016585730756036,10
development,0.5,1.0,J,ols_std,N_long_C1,0.047109781144148655,0.008977870208139189,10
development,0.5,1.0,J,ridge,M,0.1357873691439197,0.008666415654327988,10
development,0.5,1.0,J,ridge,N,-0.02874547465008328,0.04503539438212402,10
development,0.5,1.0,J,ridge,N_long_C1,0.03744992953040844,0.007952807747618786,10
development,0.5,1.0,P,ols_raw,M,-0.004941009188857596,0.003985948911405715,10
development,0.5,1.0,P,ols_raw,N,0.27630090987706324,0.007832130992489328,10
development,0.5,1.0,P,ols_raw,N_long_C1,-0.004797263556861469,0.0018190657992120372,10
development,0.5,1.0,P,ols_std,M,-0.004941009188857597,0.003985948911405716,10
development,0.5,1.0,P,ols_std,N,0.2763009098770632,0.007832130992489328,10
development,0.5,1.0,P,ols_std,N_long_C1,-0.004797263556861459,0.0018190657992120456,10
development,0.5,1.0,P,ridge,M,-0.004939848958704119,0.003985576258379977,10
development,0.5,1.0,P,ridge,N,0.27630312924838685,0.007828230598125381,10
development,0.5,1.0,P,ridge,N_long_C1,-0.004795318593557888,0.0018184114382769822,10
development,0.5,1.0,R,ols_raw,M,0.352542596330076,0.020057298852081563,10
development,0.5,1.0,R,ols_raw,N,-0.009714864630343824,0.010638834290361983,10
development,0.5,1.0,R,ols_raw,N_long_C1,-0.012096760370972471,0.004639735888015501,10
development,0.5,1.0,R,ols_std,M,0.35254259633007584,0.020057298852083,10
development,0.5,1.0,R,ols_std,N,-0.009714864630344574,0.010638834290362083,10
development,0.5,1.0,R,ols_std,N_long_C1,-0.01209676037097246,0.004639735888014553,10
development,0.5,1.0,R,ridge,M,0.28640384519202583,0.019856512025120503,10
development,0.5,1.0,R,ridge,N,-0.0063633128403918215,0.007046450812749712,10
development,0.5,1.0,R,ridge,N_long_C1,-0.008612300015889262,0.0036487524465634445,10
development,0.75,0.0,ALL,ols_std,M,0.43681942829720033,0.017395706485247405,10
development,0.75,0.0,ALL,ols_std,N,-0.020255251777677404,0.01451917317289356,10
development,0.75,0.0,ALL,ols_std,N_long_C1,-0.02553041101287849,0.009619878197227066,10
development,0.75,0.0,ALL,ridge,M,0.42001127454010156,0.01721666398486831,10
development,0.75,0.0,ALL,ridge,N,-0.013568932468508866,0.012506196082977076,10
development,0.75,0.0,ALL,ridge,N_long_C1,-0.018352532815582634,0.007798243231950009,10
development,0.75,0.0,CLS,ols_std,M,-0.01150045649421795,0.004653891724778039,10
development,0.75,0.0,CLS,ols_std,N,-0.012487141435311693,0.010320370242507234,10
development,0.75,0.0,CLS,ols_std,N_long_C1,-0.014329038176537088,0.006063194265010625,10
development,0.75,0.0,CLS,ridge,M,-0.008933187192969032,0.004517705301510877,10
development,0.75,0.0,CLS,ridge,N,-0.008161091009181025,0.008199557518480753,10
development,0.75,0.0,CLS,ridge,N_long_C1,-0.010138956109576262,0.005058269716206628,10
development,0.75,0.0,J,ols_raw,M,-0.011500456494217517,0.004653891724777454,10
development,0.75,0.0,J,ols_raw,N,-0.012487141435311603,0.010320370242507787,10
development,0.75,0.0,J,ols_raw,N_long_C1,-0.014329038176537193,0.0060631942650104294,10
development,0.75,0.0,J,ols_std,M,-0.01150045649421795,0.004653891724778039,10
development,0.75,0.0,J,ols_std,N,-0.012487141435311693,0.010320370242507234,10
development,0.75,0.0,J,ols_std,N_long_C1,-0.014329038176537088,0.006063194265010625,10
development,0.75,0.0,J,ridge,M,-0.008933187192969032,0.004517705301510877,10
development,0.75,0.0,J,ridge,N,-0.008161091009181025,0.008199557518480753,10
development,0.75,0.0,J,ridge,N_long_C1,-0.010138956109576262,0.005058269716206628,10
development,0.75,0.0,P,ols_raw,M,-0.004617578300846922,0.004282989927214649,10
development,0.75,0.0,P,ols_raw,N,-0.004150610019705998,0.005024774407904258,10
development,0.75,0.0,P,ols_raw,N_long_C1,-0.005229308099724664,0.0020170299917405972,10
development,0.75,0.0,P,ols_std,M,-0.004617578300846914,0.004282989927214647,10
development,0.75,0.0,P,ols_std,N,-0.004150610019705977,0.0050247744079042565,10
development,0.75,0.0,P,ols_std,N_long_C1,-0.005229308099724662,0.0020170299917405946,10
development,0.75,0.0,P,ridge,M,-0.004616571671667784,0.004282520970929074,10
development,0.75,0.0,P,ridge,N,-0.004149336624564807,0.005022859845941347,10
development,0.75,0.0,P,ridge,N_long_C1,-0.0052272650801463445,0.002016286762071763,10
development,0.75,0.0,R,ols_raw,M,0.44233889867475495,0.016261516815108172,10
development,0.75,0.0,R,ols_raw,N,-0.010066350459277474,0.00803098024537825,10
development,0.75,0.0,R,ols_raw,N_long_C1,-0.011755278160120817,0.004505312160321729,10
development,0.75,0.0,R,ols_std,M,0.44233889867475484,0.016261516815107912,10
development,0.75,0.0,R,ols_std,N,-0.010066350459277226,0.008030980245377899,10
development,0.75,0.0,R,ols_std,N_long_C1,-0.011755278160120666,0.004505312160321715,10
development,0.75,0.0,R,ridge,M,0.42390202915070807,0.016005202027760648,10
development,0.75,0.0,R,ridge,N,-0.007345587262729496,0.007126432408942575,10
development,0.75,0.0,R,ridge,N_long_C1,-0.008882638514450836,0.0038142583626907204,10
development,0.75,0.25,ALL,ols_std,M,0.43696479922226894,0.017413313323467544,10
development,0.75,0.25,ALL,ols_std,N,0.007998112344529797,0.007595401097666808,10
development,0.75,0.25,ALL,ols_std,N_long_C1,-0.010119692107508297,0.009091520510555532,10
development,0.75,0.25,ALL,ridge,M,0.4201955762565482,0.017003400770262366,10
development,0.75,0.25,ALL,ridge,N,0.014324039675038017,0.010678964848740929,10
development,0.75,0.25,ALL,ridge,N_long_C1,-0.004289383767730761,0.00765730881135919,10
development,0.75,0.25,CLS,ols_std,M,0.025680598006086203,0.010080614308319384,10
development,0.75,0.25,CLS,ols_std,N,-0.012559086169689518,0.008654243066507868,10
development,0.75,0.25,CLS,ols_std,N_long_C1,-0.0015946269922314134,0.006882615569416512,10
development,0.75,0.25,CLS,ridge,M,0.025689952468950922,0.009065199697236449,10
development,0.75,0.25,CLS,ridge,N,-0.00892564146355591,0.009328017195053077,10
development,0.75,0.25,CLS,ridge,N_long_C1,0.0017133430561326103,0.006116558826251171,10
development,0.75,0.25,J,ols_raw,M,0.025680598006086207,0.010080614308319247,10
development,0.75,0.25,J,ols_raw,N,-0.012559086169690032,0.008654243066507748,10
development,0.75,0.25,J,ols_raw,N_long_C1,-0.0015946269922315474,0.006882615569416391,10
development,0.75,0.25,J,ols_std,M,0.025680598006086203,0.010080614308319384,10
development,0.75,0.25,J,ols_std,N,-0.012559086169689518,0.008654243066507868,10
development,0.75,0.25,J,ols_std,N_long_C1,-0.0015946269922314134,0.006882615569416512,10
development,0.75,0.25,J,ridge,M,0.025689952468950922,0.009065199697236449,10
development,0.75,0.25,J,ridge,N,-0.00892564146355591,0.009328017195053077,10
development,0.75,0.25,J,ridge,N_long_C1,0.0017133430561326103,0.006116558826251171,10
development,0.75,0.25,P,ols_raw,M,-0.004722324084629313,0.004162773556564006,10
development,0.75,0.25,P,ols_raw,N,0.02277104382574698,0.014286429145768963,10
development,0.75,0.25,P,ols_raw,N_long_C1,-0.004959572278299368,0.001821927057514716,10
development,0.75,0.25,P,ols_std,M,-0.004722324084629326,0.004162773556564006,10
development,0.75,0.25,P,ols_std,N,0.022771043825746955,0.014286429145768945,10
development,0.75,0.25,P,ols_std,N_long_C1,-0.004959572278299374,0.0018219270575147114,10
development,0.75,0.25,P,ridge,M,-0.004721259995796025,0.004162322972074272,10
development,0.75,0.25,P,ridge,N,0.02277081762054547,0.014280190829124337,10
development,0.75,0.25,P,ridge,N_long_C1,-0.004957719456435011,0.0018212748417601368,10
development,0.75,0.25,R,ols_raw,M,0.44233889867475495,0.016261516815108172,10
development,0.75,0.25,R,ols_raw,N,-0.010066350459277474,0.00803098024537825,10
development,0.75,0.25,R,ols_raw,N_long_C1,-0.011755278160120817,0.004505312160321729,10
development,0.75,0.25,R,ols_std,M,0.44233889867475484,0.016261516815107912,10
development,0.75,0.25,R,ols_std,N,-0.010066350459277226,0.008030980245377899,10
development,0.75,0.25,R,ols_std,N_long_C1,-0.011755278160120666,0.004505312160321715,10
development,0.75,0.25,R,ridge,M,0.42390202915070807,0.016005202027760648,10
development,0.75,0.25,R,ridge,N,-0.007345587262729496,0.007126432408942575,10
development,0.75,0.25,R,ridge,N_long_C1,-0.008882638514450836,0.0038142583626907204,10
development,0.75,0.5,ALL,ols_std,M,0.43726192241293144,0.01710433881212036,10
development,0.75,0.5,ALL,ols_std,N,0.07793063523326317,0.009686685435286222,10
development,0.75,0.5,ALL,ols_std,N_long_C1,0.029726338189346602,0.010658947932356104,10
development,0.75,0.5,ALL,ridge,M,0.4207702215550741,0.016563238939826037,10
development,0.75,0.5,ALL,ridge,N,0.08391156173092654,0.013221961834388478,10
development,0.75,0.5,ALL,ridge,N_long_C1,0.032054597678936744,0.009310220692431736,10
development,0.75,0.5,CLS,ols_std,M,0.10142728057168562,0.009360247627295707,10
development,0.75,0.5,CLS,ols_std,N,-0.013220633717627545,0.011293659950007475,10
development,0.75,0.5,CLS,ols_std,N_long_C1,0.022354143261187433,0.0073576084389833755,10
development,0.75,0.5,CLS,ridge,M,0.09742825533599833,0.008387900282918057,10
development,0.75,0.5,CLS,ridge,N,-0.009464394332417124,0.016701290410636265,10
development,0.75,0.5,CLS,ridge,N_long_C1,0.02405289276010201,0.006544454657790465,10
development,0.75,0.5,J,ols_raw,M,0.10142728057168542,0.009360247627295636,10
development,0.75,0.5,J,ols_raw,N,-0.013220633717627347,0.011293659950007426,10
development,0.75,0.5,J,ols_raw,N_long_C1,0.022354143261187363,0.007357608438983144,10
development,0.75,0.5,J,ols_std,M,0.10142728057168562,0.009360247627295707,10
development,0.75,0.5,J,ols_std,N,-0.013220633717627545,0.011293659950007475,10
development,0.75,0.5,J,ols_std,N_long_C1,0.022354143261187433,0.0073576084389833755,10
development,0.75,0.5,J,ridge,M,0.09742825533599833,0.008387900282918057,10
development,0.75,0.5,J,ridge,N,-0.009464394332417124,0.016701290410636265,10
development,0.75,0.5,J,ridge,N_long_C1,0.02405289276010201,0.006544454657790465,10
development,0.75,0.5,P,ols_raw,M,-0.0048384820996672465,0.004045200203835189,10
development,0.75,0.5,P,ols_raw,N,0.09081115325033143,0.01872951806718308,10
development,0.75,0.5,P,ols_raw,N_long_C1,-0.004753004693014248,0.0018643923242494132,10
development,0.75,0.5,P,ols_std,M,-0.0048384820996672405,0.004045200203835189,10
development,0.75,0.5,P,ols_std,N,0.09081115325033143,0.018729518067183086,10
development,0.75,0.5,P,ols_std,N_long_C1,-0.0047530046930142605,0.0018643923242494323,10
development,0.75,0.5,P,ridge,M,-0.004837358777608812,0.004044782812144974,10
development,0.75,0.5,P,ridge,N,0.09081055089371526,0.018724192547960358,10
development,0.75,0.5,P,ridge,N_long_C1,-0.004751257327145696,0.0018636851895413905,10
development,0.75,0.5,R,ols_raw,M,0.44233889867475495,0.016261516815108172,10
development,0.75,0.5,R,ols_raw,N,-0.010066350459277474,0.00803098024537825,10
development,0.75,0.5,R,ols_raw,N_long_C1,-0.011755278160120817,0.004505312160321729,10
development,0.75,0.5,R,ols_std,M,0.44233889867475484,0.016261516815107912,10
development,0.75,0.5,R,ols_std,N,-0.010066350459277226,0.008030980245377899,10
development,0.75,0.5,R,ols_std,N_long_C1,-0.011755278160120666,0.004505312160321715,10
development,0.75,0.5,R,ridge,M,0.42390202915070807,0.016005202027760648,10
development,0.75,0.5,R,ridge,N,-0.007345587262729496,0.007126432408942575,10
development,0.75,0.5,R,ridge,N_long_C1,-0.008882638514450836,0.0038142583626907204,10
development,0.75,0.75,ALL,ols_std,M,0.4376831132191118,0.01653975286369932,10
development,0.75,0.75,ALL,ols_std,N,0.17250638934297,0.008850376316025728,10
development,0.75,0.75,ALL,ols_std,N_long_C1,0.08396615097735628,0.01187602685207219,10
development,0.75,0.75,ALL,ridge,M,0.4214975990340279,0.01601012018396843,10
development,0.75,0.75,ALL,ridge,N,0.1784422250210354,0.011576193777578991,10
development,0.75,0.75,ALL,ridge,N_long_C1,0.08118918172221846,0.010150121128826472,10
development,0.75,0.75,CLS,ols_std,M,0.17020598318218766,0.0087860388094624,10
development,0.75,0.75,CLS,ols_std,N,-0.016370578785074204,0.026182975310667943,10
development,0.75,0.75,CLS,ols_std,N_long_C1,0.04344657811990212,0.008890304224830638,10
development,0.75,0.75,CLS,ridge,M,0.16331550539535053,0.008027766868326874,10
development,0.75,0.75,CLS,ridge,N,-0.0115423913729469,0.03041868236354217,10
development,0.75,0.75,CLS,ridge,N_long_C1,0.04388668767309085,0.00758746989428007,10
development,0.75,0.75,J,ols_raw,M,0.17020598318218755,0.00878603880946234,10
development,0.75,0.75,J,ols_raw,N,-0.016370578785073284,0.02618297531066727,10
development,0.75,0.75,J,ols_raw,N_long_C1,0.043446578119902025,0.008890304224830566,10
development,0.75,0.75,J,ols_std,M,0.17020598318218766,0.0087860388094624,10
development,0.75,0.75,J,ols_std,N,-0.016370578785074204,0.026182975310667943,10
development,0.75,0.75,J,ols_std,N_long_C1,0.04344657811990212,0.008890304224830638,10
development,0.75,0.75,J,ridge,M,0.16331550539535053,0.008027766868326874,10
development,0.75,0.75,J,ridge,N,-0.0115423913729469,0.03041868236354217,10
development,0.75,0.75,J,ridge,N_long_C1,0.04388668767309085,0.00758746989428007,10
development,0.75,0.75,P,ols_raw,M,-0.004927775869828248,0.003966714303009983,10
development,0.75,0.75,P,ols_raw,N,0.18471778876093276,0.013978210209240194,10
development,0.75,0.75,P,ols_raw,N_long_C1,-0.0046750499307622465,0.0018348871825710523,10
development,0.75,0.75,P,ols_std,M,-0.004927775869828248,0.003966714303009979,10
development,0.75,0.75,P,ols_std,N,0.18471778876093276,0.013978210209240203,10
development,0.75,0.75,P,ols_std,N_long_C1,-0.0046750499307622526,0.0018348871825710489,10
development,0.75,0.75,P,ridge,M,-0.004926611411451112,0.003966338994612422,10
development,0.75,0.75,P,ridge,N,0.1847185425234406,0.013976662871209767,10
development,0.75,0.75,P,ridge,N_long_C1,-0.004673283368496297,0.0018342239753045815,10
development,0.75,0.75,R,ols_raw,M,0.44233889867475495,0.016261516815108172,10
development,0.75,0.75,R,ols_raw,N,-0.010066350459277474,0.00803098024537825,10
development,0.75,0.75,R,ols_raw,N_long_C1,-0.011755278160120817,0.004505312160321729,10
development,0.75,0.75,R,ols_std,M,0.44233889867475484,0.016261516815107912,10
development,0.75,0.75,R,ols_std,N,-0.010066350459277226,0.008030980245377899,10
development,0.75,0.75,R,ols_std,N_long_C1,-0.011755278160120666,0.004505312160321715,10
development,0.75,0.75,R,ridge,M,0.42390202915070807,0.016005202027760648,10
development,0.75,0.75,R,ridge,N,-0.007345587262729496,0.007126432408942575,10
development,0.75,0.75,R,ridge,N_long_C1,-0.008882638514450836,0.0038142583626907204,10
development,0.75,1.0,ALL,ols_std,M,0.4379466227165604,0.01599600652867462,10
development,0.75,1.0,ALL,ols_std,N,0.2633331189493996,0.011300646423592391,10
development,0.75,1.0,ALL,ols_std,N_long_C1,0.1360985907260526,0.012157281283015459,10
development,0.75,1.0,ALL,ridge,M,0.42216355823022794,0.015649306848679545,10
development,0.75,1.0,ALL,ridge,N,0.26977951895207924,0.011533984542859522,10
development,0.75,1.0,ALL,ridge,N_long_C1,0.12770504058158097,0.01070504613629734,10
development,0.75,1.0,CLS,ols_std,M,0.21538864437622007,0.008056767198779296,10
development,0.75,1.0,CLS,ols_std,N,-0.01959328605446664,0.03860172936687184,10
development,0.75,1.0,CLS,ols_std,N_long_C1,0.05706998692382022,0.011093711882802688,10
development,0.75,1.0,CLS,ridge,M,0.20664483336978628,0.007371841984196786,10
development,0.75,1.0,CLS,ridge,N,-0.013343879927430469,0.040559414479759644,10
development,0.75,1.0,CLS,ridge,N_long_C1,0.056592363008093796,0.009609207589091487,10
development,0.75,1.0,J,ols_raw,M,0.21538864437622002,0.008056767198779208,10
development,0.75,1.0,J,ols_raw,N,-0.01959328605446555,0.03860172936687169,10
development,0.75,1.0,J,ols_raw,N_long_C1,0.05706998692381994,0.01109371188280246,10
development,0.75,1.0,J,ols_std,M,0.21538864437622007,0.008056767198779296,10
development,0.75,1.0,J,ols_std,N,-0.01959328605446664,0.03860172936687184,10
development,0.75,1.0,J,ols_std,N_long_C1,0.05706998692382022,0.011093711882802688,10
development,0.75,1.0,J,ridge,M,0.20664483336978628,0.007371841984196786,10
development,0.75,1.0,J,ridge,N,-0.013343879927430469,0.040559414479759644,10
development,0.75,1.0,J,ridge,N_long_C1,0.056592363008093796,0.009609207589091487,10
development,0.75,1.0,P,ols_raw,M,-0.004941009188857596,0.003985948911405715,10
development,0.75,1.0,P,ols_raw,N,0.27630090987706324,0.007832130992489328,10
development,0.75,1.0,P,ols_raw,N_long_C1,-0.004797263556861469,0.0018190657992120372,10
development,0.75,1.0,P,ols_std,M,-0.004941009188857597,0.003985948911405716,10
development,0.75,1.0,P,ols_std,N,0.2763009098770632,0.007832130992489328,10
development,0.75,1.0,P,ols_std,N_long_C1,-0.004797263556861459,0.0018190657992120456,10
development,0.75,1.0,P,ridge,M,-0.004939848958704119,0.003985576258379977,10
development,0.75,1.0,P,ridge,N,0.27630312924838685,0.007828230598125381,10
development,0.75,1.0,P,ridge,N_long_C1,-0.004795318593557888,0.0018184114382769822,10
development,0.75,1.0,R,ols_raw,M,0.44233889867475495,0.016261516815108172,10
development,0.75,1.0,R,ols_raw,N,-0.010066350459277474,0.00803098024537825,10
development,0.75,1.0,R,ols_raw,N_long_C1,-0.011755278160120817,0.004505312160321729,10
development,0.75,1.0,R,ols_std,M,0.44233889867475484,0.016261516815107912,10
development,0.75,1.0,R,ols_std,N,-0.010066350459277226,0.008030980245377899,10
development,0.75,1.0,R,ols_std,N_long_C1,-0.011755278160120666,0.004505312160321715,10
development,0.75,1.0,R,ridge,M,0.42390202915070807,0.016005202027760648,10
development,0.75,1.0,R,ridge,N,-0.007345587262729496,0.007126432408942575,10
development,0.75,1.0,R,ridge,N_long_C1,-0.008882638514450836,0.0038142583626907204,10
development,1.0,0.0,ALL,ols_std,M,0.5141703956740428,0.009525297240945791,10
development,1.0,0.0,ALL,ols_std,N,-0.024125183749250732,0.018681092770067714,10
development,1.0,0.0,ALL,ols_std,N_long_C1,-0.02564249858941791,0.008794730577126668,10
development,1.0,0.0,ALL,ridge,M,0.5145304967395842,0.009502563714940782,10
development,1.0,0.0,ALL,ridge,N,-0.02264736756001035,0.01854678918012921,10
development,1.0,0.0,ALL,ridge,N_long_C1,-0.024135457744240602,0.008537916523146736,10
development,1.0,0.0,CLS,ols_std,M,-0.01064988607628485,0.005061394071466679,10
development,1.0,0.0,CLS,ols_std,N,-0.016140408419336123,0.015549998716811269,10
development,1.0,0.0,CLS,ols_std,N_long_C1,-0.014562478471830129,0.006243536599426708,10
development,1.0,0.0,CLS,ridge,M,-0.01028130436357152,0.00504454136164714,10
development,1.0,0.0,CLS,ridge,N,-0.015137059815546545,0.015500373677712958,10
development,1.0,0.0,CLS,ridge,N_long_C1,-0.013611277792632442,0.0060609740516213845,10
development,1.0,0.0,J,ols_raw,M,-0.010649886076284854,0.005061394071466651,10
development,1.0,0.0,J,ols_raw,N,-0.016140408419336102,0.015549998716811165,10
development,1.0,0.0,J,ols_raw,N_long_C1,-0.014562478471830148,0.006243536599426711,10
development,1.0,0.0,J,ols_std,M,-0.01064988607628485,0.005061394071466679,10
development,1.0,0.0,J,ols_std,N,-0.016140408419336123,0.015549998716811269,10
development,1.0,0.0,J,ols_std,N_long_C1,-0.014562478471830129,0.006243536599426708,10
development,1.0,0.0,J,ridge,M,-0.01028130436357152,0.00504454136164714,10
development,1.0,0.0,J,ridge,N,-0.015137059815546545,0.015500373677712958,10
development,1.0,0.0,J,ridge,N_long_C1,-0.013611277792632442,0.0060609740516213845,10
development,1.0,0.0,P,ols_raw,M,-0.004617578300846922,0.004282989927214649,10
development,1.0,0.0,P,ols_raw,N,-0.004150610019705998,0.005024774407904258,10
development,1.0,0.0,P,ols_raw,N_long_C1,-0.005229308099724664,0.0020170299917405972,10
development,1.0,0.0,P,ols_std,M,-0.004617578300846914,0.004282989927214647,10
development,1.0,0.0,P,ols_std,N,-0.004150610019705977,0.0050247744079042565,10
development,1.0,0.0,P,ols_std,N_long_C1,-0.005229308099724662,0.0020170299917405946,10
development,1.0,0.0,P,ridge,M,-0.004616571671667784,0.004282520970929074,10
development,1.0,0.0,P,ridge,N,-0.004149336624564807,0.005022859845941347,10
development,1.0,0.0,P,ridge,N_long_C1,-0.0052272650801463445,0.002016286762071763,10
development,1.0,0.0,R,ols_raw,M,0.5182444513705897,0.009168251322870531,10
development,1.0,0.0,R,ols_raw,N,-0.011035251614935609,0.0076131572898019825,10
development,1.0,0.0,R,ols_raw,N_long_C1,-0.01204436251020082,0.0038566366703263943,10
development,1.0,0.0,R,ols_std,M,0.5182444513705897,0.009168251322870498,10
development,1.0,0.0,R,ols_std,N,-0.011035251614935567,0.0076131572898019036,10
development,1.0,0.0,R,ols_std,N_long_C1,-0.012044362510200822,0.003856636670326382,10
development,1.0,0.0,R,ridge,M,0.5183576354875197,0.009162733314559772,10
development,1.0,0.0,R,ridge,N,-0.010485721179571455,0.007510610832938029,10
development,1.0,0.0,R,ridge,N_long_C1,-0.011499131615705966,0.003723613126033988,10
development,1.0,0.25,ALL,ols_std,M,0.5141939523763615,0.009586687413164159,10
development,1.0,0.25,ALL,ols_std,N,0.0031174298283667395,0.01164600081868036,10
development,1.0,0.25,ALL,ols_std,N_long_C1,-0.008027280474394799,0.008108248081468521,10
development,1.0,0.25,ALL,ridge,M,0.5145277389791029,0.009570544544139284,10
development,1.0,0.25,ALL,ridge,N,0.004647160731900498,0.011064922922550655,10
development,1.0,0.25,ALL,ridge,N_long_C1,-0.0065648980804658055,0.007934375262519607,10
development,1.0,0.25,CLS,ols_std,M,0.03208095477144152,0.01059081581477722,10
development,1.0,0.25,CLS,ols_std,N,-0.02002106032298421,0.014936328821613868,10
development,1.0,0.25,CLS,ols_std,N_long_C1,0.00012084255826186225,0.007773874827791548,10
development,1.0,0.25,CLS,ridge,M,0.03234664932814405,0.010603450466246368,10
development,1.0,0.25,CLS,ridge,N,-0.01880733384778507,0.015053021771395442,10
development,1.0,0.25,CLS,ridge,N_long_C1,0.0008565383252544986,0.007758816998974789,10
development,1.0,0.25,J,ols_raw,M,0.03208095477144151,0.010590815814777249,10
development,1.0,0.25,J,ols_raw,N,-0.020021060322984306,0.014936328821613911,10
development,1.0,0.25,J,ols_raw,N_long_C1,0.00012084255826183936,0.007773874827791623,10
development,1.0,0.25,J,ols_std,M,0.03208095477144152,0.01059081581477722,10
development,1.0,0.25,J,ols_std,N,-0.02002106032298421,0.014936328821613868,10
development,1.0,0.25,J,ols_std,N_long_C1,0.00012084255826186225,0.007773874827791548,10
development,1.0,0.25,J,ridge,M,0.03234664932814405,0.010603450466246368,10
development,1.0,0.25,J,ridge,N,-0.01880733384778507,0.015053021771395442,10
development,1.0,0.25,J,ridge,N_long_C1,0.0008565383252544986,0.007758816998974789,10
development,1.0,0.25,P,ols_raw,M,-0.004722324084629313,0.004162773556564006,10
development,1.0,0.25,P,ols_raw,N,0.02277104382574698,0.014286429145768963,10
development,1.0,0.25,P,ols_raw,N_long_C1,-0.004959572278299368,0.001821927057514716,10
development,1.0,0.25,P,ols_std,M,-0.004722324084629326,0.004162773556564006,10
development,1.0,0.25,P,ols_std,N,0.022771043825746955,0.014286429145768945,10
development,1.0,0.25,P,ols_std,N_long_C1,-0.004959572278299374,0.0018219270575147114,10
development,1.0,0.25,P,ridge,M,-0.004721259995796025,0.004162322972074272,10
development,1.0,0.25,P,ridge,N,0.02277081762054547,0.014280190829124337,10
development,1.0,0.25,P,ridge,N_long_C1,-0.004957719456435011,0.0018212748417601368,10
development,1.0,0.25,R,ols_raw,M,0.5182444513705897,0.009168251322870531,10
development,1.0,0.25,R,ols_raw,N,-0.011035251614935609,0.0076131572898019825,10
development,1.0,0.25,R,ols_raw,N_long_C1,-0.01204436251020082,0.0038566366703263943,10
development,1.0,0.25,R,ols_std,M,0.5182444513705897,0.009168251322870498,10
development,1.0,0.25,R,ols_std,N,-0.011035251614935567,0.0076131572898019036,10
development,1.0,0.25,R,ols_std,N_long_C1,-0.012044362510200822,0.003856636670326382,10
development,1.0,0.25,R,ridge,M,0.5183576354875197,0.009162733314559772,10
development,1.0,0.25,R,ridge,N,-0.010485721179571455,0.007510610832938029,10
development,1.0,0.25,R,ridge,N_long_C1,-0.011499131615705966,0.003723613126033988,10
development,1.0,0.5,ALL,ols_std,M,0.5142453042472546,0.009591245902739281,10
development,1.0,0.5,ALL,ols_std,N,0.07308201388433463,0.012235595836933672,10
development,1.0,0.5,ALL,ols_std,N_long_C1,0.03828224967194574,0.009058489078247717,10
development,1.0,0.5,ALL,ridge,M,0.514583406110298,0.009567456396889924,10
development,1.0,0.5,ALL,ridge,N,0.07465910121226413,0.011271149960979469,10
development,1.0,0.5,ALL,ridge,N_long_C1,0.03955901973300231,0.008952752473649947,10
development,1.0,0.5,CLS,ols_std,M,0.1199175867285206,0.009330221010325728,10
development,1.0,0.5,CLS,ols_std,N,-0.02157462729744979,0.015259619750736036,10
development,1.0,0.5,CLS,ols_std,N_long_C1,0.028497712952677827,0.008243937778421497,10
development,1.0,0.5,CLS,ridge,M,0.12010782184027538,0.009321099172771281,10
development,1.0,0.5,CLS,ridge,N,-0.02028610041609093,0.014593820737021214,10
development,1.0,0.5,CLS,ridge,N_long_C1,0.02906751784545753,0.008241752285977592,10
development,1.0,0.5,J,ols_raw,M,0.1199175867285206,0.009330221010325719,10
development,1.0,0.5,J,ols_raw,N,-0.021574627297449796,0.015259619750736033,10
development,1.0,0.5,J,ols_raw,N_long_C1,0.028497712952677834,0.008243937778421494,10
development,1.0,0.5,J,ols_std,M,0.1199175867285206,0.009330221010325728,10
development,1.0,0.5,J,ols_std,N,-0.02157462729744979,0.015259619750736036,10
development,1.0,0.5,J,ols_std,N_long_C1,0.028497712952677827,0.008243937778421497,10
development,1.0,0.5,J,ridge,M,0.12010782184027538,0.009321099172771281,10
development,1.0,0.5,J,ridge,N,-0.02028610041609093,0.014593820737021214,10
development,1.0,0.5,J,ridge,N_long_C1,0.02906751784545753,0.008241752285977592,10
development,1.0,0.5,P,ols_raw,M,-0.0048384820996672465,0.004045200203835189,10
development,1.0,0.5,P,ols_raw,N,0.09081115325033143,0.01872951806718308,10
development,1.0,0.5,P,ols_raw,N_long_C1,-0.004753004693014248,0.0018643923242494132,10
development,1.0,0.5,P,ols_std,M,-0.0048384820996672405,0.004045200203835189,10
development,1.0,0.5,P,ols_std,N,0.09081115325033143,0.018729518067183086,10
development,1.0,0.5,P,ols_std,N_long_C1,-0.0047530046930142605,0.0018643923242494323,10
development,1.0,0.5,P,ridge,M,-0.004837358777608812,0.004044782812144974,10
development,1.0,0.5,P,ridge,N,0.09081055089371526,0.018724192547960358,10
development,1.0,0.5,P,ridge,N_long_C1,-0.004751257327145696,0.0018636851895413905,10
development,1.0,0.5,R,ols_raw,M,0.5182444513705897,0.009168251322870531,10
development,1.0,0.5,R,ols_raw,N,-0.011035251614935609,0.0076131572898019825,10
development,1.0,0.5,R,ols_raw,N_long_C1,-0.01204436251020082,0.0038566366703263943,10
development,1.0,0.5,R,ols_std,M,0.5182444513705897,0.009168251322870498,10
development,1.0,0.5,R,ols_std,N,-0.011035251614935567,0.0076131572898019036,10
development,1.0,0.5,R,ols_std,N_long_C1,-0.012044362510200822,0.003856636670326382,10
development,1.0,0.5,R,ridge,M,0.5183576354875197,0.009162733314559772,10
development,1.0,0.5,R,ridge,N,-0.010485721179571455,0.007510610832938029,10
development,1.0,0.5,R,ridge,N_long_C1,-0.011499131615705966,0.003723613126033988,10
development,1.0,0.75,ALL,ols_std,M,0.514292093187951,0.009557818392764261,10
development,1.0,0.75,ALL,ols_std,N,0.16815096444756428,0.010558526470729987,10
development,1.0,0.75,ALL,ols_std,N_long_C1,0.10224743782110601,0.009289756971357171,10
development,1.0,0.75,ALL,ridge,M,0.5146749545381561,0.009511310461182584,10
development,1.0,0.75,ALL,ridge,N,0.16970176636296425,0.009838459475952493,10
development,1.0,0.75,ALL,ridge,N_long_C1,0.10326581831605194,0.009098275113233101,10
development,1.0,0.75,CLS,ols_std,M,0.20009467865312308,0.008675143274354065,10
development,1.0,0.75,CLS,ols_std,N,-0.02214618305865868,0.023787067324543408,10
development,1.0,0.75,CLS,ols_std,N_long_C1,0.05396272680751808,0.009103018607832573,10
development,1.0,0.75,CLS,ridge,M,0.20028308714753948,0.008628140010288133,10
development,1.0,0.75,CLS,ridge,N,-0.020920321274447852,0.02283257684219025,10
development,1.0,0.75,CLS,ridge,N_long_C1,0.05448746759353819,0.009023737122446421,10
development,1.0,0.75,J,ols_raw,M,0.20009467865312308,0.008675143274354098,10
development,1.0,0.75,J,ols_raw,N,-0.022146183058658696,0.02378706732454326,10
development,1.0,0.75,J,ols_raw,N_long_C1,0.05396272680751808,0.0091030186078325,10
development,1.0,0.75,J,ols_std,M,0.20009467865312308,0.008675143274354065,10
development,1.0,0.75,J,ols_std,N,-0.02214618305865868,0.023787067324543408,10
development,1.0,0.75,J,ols_std,N_long_C1,0.05396272680751808,0.009103018607832573,10
development,1.0,0.75,J,ridge,M,0.20028308714753948,0.008628140010288133,10
development,1.0,0.75,J,ridge,N,-0.020920321274447852,0.02283257684219025,10
development,1.0,0.75,J,ridge,N_long_C1,0.05448746759353819,0.009023737122446421,10
development,1.0,0.75,P,ols_raw,M,-0.004927775869828248,0.003966714303009983,10
development,1.0,0.75,P,ols_raw,N,0.18471778876093276,0.013978210209240194,10
development,1.0,0.75,P,ols_raw,N_long_C1,-0.0046750499307622465,0.0018348871825710523,10
development,1.0,0.75,P,ols_std,M,-0.004927775869828248,0.003966714303009979,10
development,1.0,0.75,P,ols_std,N,0.18471778876093276,0.013978210209240203,10
development,1.0,0.75,P,ols_std,N_long_C1,-0.0046750499307622526,0.0018348871825710489,10
development,1.0,0.75,P,ridge,M,-0.004926611411451112,0.003966338994612422,10
development,1.0,0.75,P,ridge,N,0.1847185425234406,0.013976662871209767,10
development,1.0,0.75,P,ridge,N_long_C1,-0.004673283368496297,0.0018342239753045815,10
development,1.0,0.75,R,ols_raw,M,0.5182444513705897,0.009168251322870531,10
development,1.0,0.75,R,ols_raw,N,-0.011035251614935609,0.0076131572898019825,10
development,1.0,0.75,R,ols_raw,N_long_C1,-0.01204436251020082,0.0038566366703263943,10
development,1.0,0.75,R,ols_std,M,0.5182444513705897,0.009168251322870498,10
development,1.0,0.75,R,ols_std,N,-0.011035251614935567,0.0076131572898019036,10
development,1.0,0.75,R,ols_std,N_long_C1,-0.012044362510200822,0.003856636670326382,10
development,1.0,0.75,R,ridge,M,0.5183576354875197,0.009162733314559772,10
development,1.0,0.75,R,ridge,N,-0.010485721179571455,0.007510610832938029,10
development,1.0,0.75,R,ridge,N_long_C1,-0.011499131615705966,0.003723613126033988,10
development,1.0,1.0,ALL,ols_std,M,0.5142562419123908,0.009644900459456032,10
development,1.0,1.0,ALL,ols_std,N,0.26107426226361824,0.012003856926218723,10
development,1.0,1.0,ALL,ols_std,N_long_C1,0.16457608347576397,0.009902024878796234,10
development,1.0,1.0,ALL,ridge,M,0.5147389126917037,0.009565582258806637,10
development,1.0,1.0,ALL,ridge,N,0.26248352723457874,0.011996514085295226,10
development,1.0,1.0,ALL,ridge,N_long_C1,0.16542553678787986,0.009516673019619133,10
development,1.0,1.0,CLS,ols_std,M,0.25324366187623315,0.008567753619828441,10
development,1.0,1.0,CLS,ols_std,N,-0.021169852192158237,0.03196710690274039,10
development,1.0,1.0,CLS,ols_std,N_long_C1,0.07058532189490997,0.010876909614469993,10
development,1.0,1.0,CLS,ridge,M,0.2534198953531822,0.008533191877400363,10
development,1.0,1.0,CLS,ridge,N,-0.020065302078292276,0.031129194859603825,10
development,1.0,1.0,CLS,ridge,N_long_C1,0.07112728640630592,0.010701555310140182,10
development,1.0,1.0,J,ols_raw,M,0.25324366187623315,0.00856775361982843,10
development,1.0,1.0,J,ols_raw,N,-0.02116985219215826,0.03196710690274047,10
development,1.0,1.0,J,ols_raw,N_long_C1,0.07058532189490999,0.01087690961447003,10
development,1.0,1.0,J,ols_std,M,0.25324366187623315,0.008567753619828441,10
development,1.0,1.0,J,ols_std,N,-0.021169852192158237,0.03196710690274039,10
development,1.0,1.0,J,ols_std,N_long_C1,0.07058532189490997,0.010876909614469993,10
development,1.0,1.0,J,ridge,M,0.2534198953531822,0.008533191877400363,10
development,1.0,1.0,J,ridge,N,-0.020065302078292276,0.031129194859603825,10
development,1.0,1.0,J,ridge,N_long_C1,0.07112728640630592,0.010701555310140182,10
development,1.0,1.0,P,ols_raw,M,-0.004941009188857596,0.003985948911405715,10
development,1.0,1.0,P,ols_raw,N,0.27630090987706324,0.007832130992489328,10
development,1.0,1.0,P,ols_raw,N_long_C1,-0.004797263556861469,0.0018190657992120372,10
development,1.0,1.0,P,ols_std,M,-0.004941009188857597,0.003985948911405716,10
development,1.0,1.0,P,ols_std,N,0.2763009098770632,0.007832130992489328,10
development,1.0,1.0,P,ols_std,N_long_C1,-0.004797263556861459,0.0018190657992120456,10
development,1.0,1.0,P,ridge,M,-0.004939848958704119,0.003985576258379977,10
development,1.0,1.0,P,ridge,N,0.27630312924838685,0.007828230598125381,10
development,1.0,1.0,P,ridge,N_long_C1,-0.004795318593557888,0.0018184114382769822,10
development,1.0,1.0,R,ols_raw,M,0.5182444513705897,0.009168251322870531,10
development,1.0,1.0,R,ols_raw,N,-0.011035251614935609,0.0076131572898019825,10
development,1.0,1.0,R,ols_raw,N_long_C1,-0.01204436251020082,0.0038566366703263943,10
development,1.0,1.0,R,ols_std,M,0.5182444513705897,0.009168251322870498,10
development,1.0,1.0,R,ols_std,N,-0.011035251614935567,0.0076131572898019036,10
development,1.0,1.0,R,ols_std,N_long_C1,-0.012044362510200822,0.003856636670326382,10
development,1.0,1.0,R,ridge,M,0.5183576354875197,0.009162733314559772,10
development,1.0,1.0,R,ridge,N,-0.010485721179571455,0.007510610832938029,10
development,1.0,1.0,R,ridge,N_long_C1,-0.011499131615705966,0.003723613126033988,10
confirmation,0.0,0.0,ALL,ols_std,M,-0.005042577301742809,0.0046593599001191425,20
confirmation,0.0,0.0,ALL,ols_std,N,-0.004488553557524293,0.004460448605054191,20
confirmation,0.0,0.0,ALL,ols_std,N_long_C1,-0.004659371100654934,0.0019038895267329133,20
confirmation,0.0,0.0,ALL,ridge,M,-0.0050424655061521795,0.004659379957973659,20
confirmation,0.0,0.0,ALL,ridge,N,-0.004488375655654116,0.0044602911239522945,20
confirmation,0.0,0.0,ALL,ridge,N_long_C1,-0.004659189803286216,0.0019038221112312771,20
confirmation,0.0,0.0,CLS,ols_std,M,-0.0050425773017428125,0.004659359900119149,20
confirmation,0.0,0.0,CLS,ols_std,N,-0.004488553557524309,0.004460448605054186,20
confirmation,0.0,0.0,CLS,ols_std,N_long_C1,-0.0046593711006549365,0.0019038895267329205,20
confirmation,0.0,0.0,CLS,ridge,M,-0.005042451533061197,0.004659382464999358,20
confirmation,0.0,0.0,CLS,ridge,N,-0.00448835342010334,0.004460271440631878,20
confirmation,0.0,0.0,CLS,ridge,N_long_C1,-0.004659167143284002,0.0019038136850365055,20
confirmation,0.0,0.0,J,ols_raw,M,-0.005042577301742807,0.004659359900119143,20
confirmation,0.0,0.0,J,ols_raw,N,-0.004488553557524303,0.004460448605054183,20
confirmation,0.0,0.0,J,ols_raw,N_long_C1,-0.004659371100654928,0.001903889526732919,20
confirmation,0.0,0.0,J,ols_std,M,-0.0050425773017428125,0.004659359900119149,20
confirmation,0.0,0.0,J,ols_std,N,-0.004488553557524309,0.004460448605054186,20
confirmation,0.0,0.0,J,ols_std,N_long_C1,-0.0046593711006549365,0.0019038895267329205,20
confirmation,0.0,0.0,J,ridge,M,-0.005042451533061197,0.004659382464999358,20
confirmation,0.0,0.0,J,ridge,N,-0.00448835342010334,0.004460271440631878,20
confirmation,0.0,0.0,J,ridge,N_long_C1,-0.004659167143284002,0.0019038136850365055,20
confirmation,0.0,0.0,P,ols_raw,M,-0.005042577301742808,0.004659359900119149,20
confirmation,0.0,0.0,P,ols_raw,N,-0.004488553557524307,0.004460448605054177,20
confirmation,0.0,0.0,P,ols_raw,N_long_C1,-0.0046593711006549365,0.0019038895267329198,20
confirmation,0.0,0.0,P,ols_std,M,-0.005042577301742802,0.004659359900119148,20
confirmation,0.0,0.0,P,ols_std,N,-0.0044885535575242995,0.004460448605054176,20
confirmation,0.0,0.0,P,ols_std,N_long_C1,-0.004659371100654932,0.0019038895267329136,20
confirmation,0.0,0.0,P,ridge,M,-0.005041571836212641,0.004659540315283785,20
confirmation,0.0,0.0,P,ridge,N,-0.004486953557769897,0.004459032205050266,20
confirmation,0.0,0.0,P,ridge,N_long_C1,-0.004657740534155429,0.0019032831674657966,20
confirmation,0.0,0.0,R,ols_raw,M,-0.004103100571304941,0.004827134482054939,20
confirmation,0.0,0.0,R,ols_raw,N,-0.003043113146101166,0.002641797030123783,20
confirmation,0.0,0.0,R,ols_raw,N_long_C1,-0.0030627005028589626,0.0011995692706166952,20
confirmation,0.0,0.0,R,ols_std,M,-0.004103100571304941,0.004827134482054939,20
confirmation,0.0,0.0,R,ols_std,N,-0.003043113146101166,0.002641797030123783,20
confirmation,0.0,0.0,R,ols_std,N_long_C1,-0.0030627005028589626,0.0011995692706166952,20
confirmation,0.0,0.0,R,ridge,M,-0.004103100571304941,0.004827134482054939,20
confirmation,0.0,0.0,R,ridge,N,-0.003043113146101166,0.002641797030123783,20
confirmation,0.0,0.0,R,ridge,N_long_C1,-0.0030627005028589626,0.0011995692706166952,20
confirmation,0.0,0.25,ALL,ols_std,M,-0.00491779491025847,0.004585048699300142,20
confirmation,0.0,0.25,ALL,ols_std,N,0.020246147117494336,0.009867779103002091,20
confirmation,0.0,0.25,ALL,ols_std,N_long_C1,-0.0043828220439639295,0.0016914906369468027,20
confirmation,0.0,0.25,ALL,ridge,M,-0.00491769138045638,0.004585069755757318,20
confirmation,0.0,0.25,ALL,ridge,N,0.020246423097246002,0.009867301570168687,20
confirmation,0.0,0.25,ALL,ridge,N_long_C1,-0.004382659585981652,0.0016914286296604091,20
confirmation,0.0,0.25,CLS,ols_std,M,-0.0049177949102584785,0.0045850486993001425,20
confirmation,0.0,0.25,CLS,ols_std,N,0.020246147117494336,0.009867779103002084,20
confirmation,0.0,0.25,CLS,ols_std,N_long_C1,-0.00438282204396393,0.0016914906369468155,20
confirmation,0.0,0.25,CLS,ridge,M,-0.004917678440513469,0.0045850723876422386,20
confirmation,0.0,0.25,CLS,ridge,N,0.020246457579791568,0.009867241883460177,20
confirmation,0.0,0.25,CLS,ridge,N_long_C1,-0.004382639280727464,0.0016914208795196862,20
confirmation,0.0,0.25,J,ols_raw,M,-0.0049177949102584845,0.004585048699300145,20
confirmation,0.0,0.25,J,ols_raw,N,0.020246147117494312,0.009867779103002086,20
confirmation,0.0,0.25,J,ols_raw,N_long_C1,-0.004382822043963926,0.0016914906369468112,20
confirmation,0.0,0.25,J,ols_std,M,-0.0049177949102584785,0.0045850486993001425,20
confirmation,0.0,0.25,J,ols_std,N,0.020246147117494336,0.009867779103002084,20
confirmation,0.0,0.25,J,ols_std,N_long_C1,-0.00438282204396393,0.0016914906369468155,20
confirmation,0.0,0.25,J,ridge,M,-0.004917678440513469,0.0045850723876422386,20
confirmation,0.0,0.25,J,ridge,N,0.020246457579791568,0.009867241883460177,20
confirmation,0.0,0.25,J,ridge,N_long_C1,-0.004382639280727464,0.0016914208795196862,20
confirmation,0.0,0.25,P,ols_raw,M,-0.004917794910258482,0.004585048699300149,20
confirmation,0.0,0.25,P,ols_raw,N,0.020246147117494322,0.009867779103002074,20
confirmation,0.0,0.25,P,ols_raw,N_long_C1,-0.004382822043963927,0.0016914906369468123,20
confirmation,0.0,0.25,P,ols_std,M,-0.004917794910258479,0.004585048699300143,20
confirmation,0.0,0.25,P,ols_std,N,0.02024614711749432,0.009867779103002076,20
confirmation,0.0,0.25,P,ols_std,N_long_C1,-0.004382822043963936,0.0016914906369468142,20
confirmation,0.0,0.25,P,ridge,M,-0.004916863798242432,0.004585238119263756,20
confirmation,0.0,0.25,P,ridge,N,0.020248623300730843,0.009863483812294153,20
confirmation,0.0,0.25,P,ridge,N_long_C1,-0.004381360942189992,0.0016909329654105707,20
confirmation,0.0,0.25,R,ols_raw,M,-0.004103100571304941,0.004827134482054939,20
confirmation,0.0,0.25,R,ols_raw,N,-0.003043113146101166,0.002641797030123783,20
confirmation,0.0,0.25,R,ols_raw,N_long_C1,-0.0030627005028589626,0.0011995692706166952,20
confirmation,0.0,0.25,R,ols_std,M,-0.004103100571304941,0.004827134482054939,20
confirmation,0.0,0.25,R,ols_std,N,-0.003043113146101166,0.002641797030123783,20
confirmation,0.0,0.25,R,ols_std,N_long_C1,-0.0030627005028589626,0.0011995692706166952,20
confirmation,0.0,0.25,R,ridge,M,-0.004103100571304941,0.004827134482054939,20
confirmation,0.0,0.25,R,ridge,N,-0.003043113146101166,0.002641797030123783,20
confirmation,0.0,0.25,R,ridge,N_long_C1,-0.0030627005028589626,0.0011995692706166952,20
confirmation,0.0,0.5,ALL,ols_std,M,-0.004844018868491578,0.004588609750501086,20
confirmation,0.0,0.5,ALL,ols_std,N,0.08724767460103378,0.012180310190673628,20
confirmation,0.0,0.5,ALL,ols_std,N_long_C1,-0.004255579477066262,0.0017253284335540654,20
confirmation,0.0,0.5,ALL,ridge,M,-0.004843921539136238,0.004588626105765817,20
confirmation,0.0,0.5,ALL,ridge,N,0.08724795750269329,0.012179962887429866,20
confirmation,0.0,0.5,ALL,ridge,N_long_C1,-0.004255424007754859,0.0017252461534931192,20
confirmation,0.0,0.5,CLS,ols_std,M,-0.004844018868491577,0.004588609750501095,20
confirmation,0.0,0.5,CLS,ols_std,N,0.08724767460103378,0.01218031019067361,20
confirmation,0.0,0.5,CLS,ols_std,N_long_C1,-0.0042555794770662595,0.0017253284335540645,20
confirmation,0.0,0.5,CLS,ridge,M,-0.004843909374183738,0.004588628150079347,20
confirmation,0.0,0.5,CLS,ridge,N,0.08724799282009109,0.012179919475800948,20
confirmation,0.0,0.5,CLS,ridge,N_long_C1,-0.004255404576030474,0.0017252358695161974,20
confirmation,0.0,0.5,J,ols_raw,M,-0.00484401886849158,0.004588609750501086,20
confirmation,0.0,0.5,J,ols_raw,N,0.08724767460103378,0.012180310190673609,20
confirmation,0.0,0.5,J,ols_raw,N_long_C1,-0.004255579477066264,0.0017253284335540643,20
confirmation,0.0,0.5,J,ols_std,M,-0.004844018868491577,0.004588609750501095,20
confirmation,0.0,0.5,J,ols_std,N,0.08724767460103378,0.01218031019067361,20
confirmation,0.0,0.5,J,ols_std,N_long_C1,-0.0042555794770662595,0.0017253284335540645,20
confirmation,0.0,0.5,J,ridge,M,-0.004843909374183738,0.004588628150079347,20
confirmation,0.0,0.5,J,ridge,N,0.08724799282009109,0.012179919475800948,20
confirmation,0.0,0.5,J,ridge,N_long_C1,-0.004255404576030474,0.0017252358695161974,20
confirmation,0.0,0.5,P,ols_raw,M,-0.004844018868491577,0.0045886097505010845,20
confirmation,0.0,0.5,P,ols_raw,N,0.08724767460103375,0.012180310190673586,20
confirmation,0.0,0.5,P,ols_raw,N_long_C1,-0.004255579477066259,0.0017253284335540546,20
confirmation,0.0,0.5,P,ols_std,M,-0.0048440188684915775,0.004588609750501091,20
confirmation,0.0,0.5,P,ols_std,N,0.08724767460103373,0.01218031019067361,20
confirmation,0.0,0.5,P,ols_std,N_long_C1,-0.004255579477066255,0.0017253284335540591,20
confirmation,0.0,0.5,P,ridge,M,-0.0048431435269714294,0.0045887568994041755,20
confirmation,0.0,0.5,P,ridge,N,0.08725019753762987,0.012177185114703778,20
confirmation,0.0,0.5,P,ridge,N_long_C1,-0.004254181245732839,0.001724588440489114,20
confirmation,0.0,0.5,R,ols_raw,M,-0.004103100571304941,0.004827134482054939,20
confirmation,0.0,0.5,R,ols_raw,N,-0.003043113146101166,0.002641797030123783,20
confirmation,0.0,0.5,R,ols_raw,N_long_C1,-0.0030627005028589626,0.0011995692706166952,20
confirmation,0.0,0.5,R,ols_std,M,-0.004103100571304941,0.004827134482054939,20
confirmation,0.0,0.5,R,ols_std,N,-0.003043113146101166,0.002641797030123783,20
confirmation,0.0,0.5,R,ols_std,N_long_C1,-0.0030627005028589626,0.0011995692706166952,20
confirmation,0.0,0.5,R,ridge,M,-0.004103100571304941,0.004827134482054939,20
confirmation,0.0,0.5,R,ridge,N,-0.003043113146101166,0.002641797030123783,20
confirmation,0.0,0.5,R,ridge,N_long_C1,-0.0030627005028589626,0.0011995692706166952,20
confirmation,0.0,0.75,ALL,ols_std,M,-0.004850864678850869,0.004667608056343261,20
confirmation,0.0,0.75,ALL,ols_std,N,0.1819614856844569,0.008283154874006503,20
confirmation,0.0,0.75,ALL,ols_std,N_long_C1,-0.004327718025918566,0.001740544235888328,20
confirmation,0.0,0.75,ALL,ridge,M,-0.004850769310661951,0.004667616087191155,20
confirmation,0.0,0.75,ALL,ridge,N,0.18196167070560545,0.008283225880670425,20
confirmation,0.0,0.75,ALL,ridge,N_long_C1,-0.004327554891407771,0.0017404529059821862,20
confirmation,0.0,0.75,CLS,ols_std,M,-0.004850864678850874,0.004667608056343262,20
confirmation,0.0,0.75,CLS,ols_std,N,0.1819614856844569,0.008283154874006486,20
confirmation,0.0,0.75,CLS,ols_std,N_long_C1,-0.004327718025918569,0.0017405442358883264,20
confirmation,0.0,0.75,CLS,ridge,M,-0.004850757390820819,0.0046676170910389695,20
confirmation,0.0,0.75,CLS,ridge,N,0.18196169374670185,0.008283234755046774,20
confirmation,0.0,0.75,CLS,ridge,N_long_C1,-0.004327534501623199,0.0017404414908326975,20
confirmation,0.0,0.75,J,ols_raw,M,-0.0048508646788508695,0.004667608056343264,20
confirmation,0.0,0.75,J,ols_raw,N,0.18196148568445686,0.008283154874006495,20
confirmation,0.0,0.75,J,ols_raw,N_long_C1,-0.004327718025918575,0.0017405442358883248,20
confirmation,0.0,0.75,J,ols_std,M,-0.004850864678850874,0.004667608056343262,20
confirmation,0.0,0.75,J,ols_std,N,0.1819614856844569,0.008283154874006486,20
confirmation,0.0,0.75,J,ols_std,N_long_C1,-0.004327718025918569,0.0017405442358883264,20
confirmation,0.0,0.75,J,ridge,M,-0.004850757390820819,0.0046676170910389695,20
confirmation,0.0,0.75,J,ridge,N,0.18196169374670185,0.008283234755046774,20
confirmation,0.0,0.75,J,ridge,N_long_C1,-0.004327534501623199,0.0017404414908326975,20
confirmation,0.0,0.75,P,ols_raw,M,-0.004850864678850873,0.004667608056343257,20
confirmation,0.0,0.75,P,ols_raw,N,0.18196148568445691,0.008283154874006503,20
confirmation,0.0,0.75,P,ols_raw,N_long_C1,-0.004327718025918578,0.0017405442358883294,20
confirmation,0.0,0.75,P,ols_std,M,-0.004850864678850877,0.004667608056343256,20
confirmation,0.0,0.75,P,ols_std,N,0.18196148568445691,0.008283154874006512,20
confirmation,0.0,0.75,P,ols_std,N_long_C1,-0.004327718025918573,0.0017405442358883253,20
confirmation,0.0,0.75,P,ridge,M,-0.00485000697024816,0.004667680329771031,20
confirmation,0.0,0.75,P,ridge,N,0.1819631066018746,0.00828379318712186,20
confirmation,0.0,0.75,P,ridge,N_long_C1,-0.004326250853643206,0.0017397228239048872,20
confirmation,0.0,0.75,R,ols_raw,M,-0.004103100571304941,0.004827134482054939,20
confirmation,0.0,0.75,R,ols_raw,N,-0.003043113146101166,0.002641797030123783,20
confirmation,0.0,0.75,R,ols_raw,N_long_C1,-0.0030627005028589626,0.0011995692706166952,20
confirmation,0.0,0.75,R,ols_std,M,-0.004103100571304941,0.004827134482054939,20
confirmation,0.0,0.75,R,ols_std,N,-0.003043113146101166,0.002641797030123783,20
confirmation,0.0,0.75,R,ols_std,N_long_C1,-0.0030627005028589626,0.0011995692706166952,20
confirmation,0.0,0.75,R,ridge,M,-0.004103100571304941,0.004827134482054939,20
confirmation,0.0,0.75,R,ridge,N,-0.003043113146101166,0.002641797030123783,20
confirmation,0.0,0.75,R,ridge,N_long_C1,-0.0030627005028589626,0.0011995692706166952,20
confirmation,0.0,1.0,ALL,ols_std,M,-0.0049581313963370675,0.00483996721946267,20
confirmation,0.0,1.0,ALL,ols_std,N,0.27550532327136057,0.004383089903685385,20
confirmation,0.0,1.0,ALL,ols_std,N_long_C1,-0.004609966933653025,0.001651873158045992,20
confirmation,0.0,1.0,ALL,ridge,M,-0.0049580315295481405,0.004839960435048355,20
confirmation,0.0,1.0,ALL,ridge,N,0.27550538465238406,0.00438295883861672,20
confirmation,0.0,1.0,ALL,ridge,N_long_C1,-0.004609781360445565,0.0016517939946188683,20
confirmation,0.0,1.0,CLS,ols_std,M,-0.004958131396337064,0.004839967219462659,20
confirmation,0.0,1.0,CLS,ols_std,N,0.27550532327136057,0.004383089903685385,20
confirmation,0.0,1.0,CLS,ols_std,N_long_C1,-0.004609966933653021,0.0016518731580459844,20
confirmation,0.0,1.0,CLS,ridge,M,-0.004958019047405404,0.004839959587136745,20
confirmation,0.0,1.0,CLS,ridge,N,0.2755053921981666,0.004382942468024302,20
confirmation,0.0,1.0,CLS,ridge,N_long_C1,-0.004609758166054039,0.0016517841000777374,20
confirmation,0.0,1.0,J,ols_raw,M,-0.004958131396337058,0.0048399672194626596,20
confirmation,0.0,1.0,J,ols_raw,N,0.27550532327136057,0.004383089903685371,20
confirmation,0.0,1.0,J,ols_raw,N_long_C1,-0.004609966933653014,0.0016518731580459822,20
confirmation,0.0,1.0,J,ols_std,M,-0.004958131396337064,0.004839967219462659,20
confirmation,0.0,1.0,J,ols_std,N,0.27550532327136057,0.004383089903685385,20
confirmation,0.0,1.0,J,ols_std,N_long_C1,-0.004609966933653021,0.0016518731580459844,20
confirmation,0.0,1.0,J,ridge,M,-0.004958019047405404,0.004839959587136745,20
confirmation,0.0,1.0,J,ridge,N,0.2755053921981666,0.004382942468024302,20
confirmation,0.0,1.0,J,ridge,N_long_C1,-0.004609758166054039,0.0016517841000777374,20
confirmation,0.0,1.0,P,ols_raw,M,-0.004958131396337068,0.004839967219462666,20
confirmation,0.0,1.0,P,ols_raw,N,0.27550532327136057,0.00438308990368538,20
confirmation,0.0,1.0,P,ols_raw,N_long_C1,-0.004609966933653022,0.0016518731580459792,20
confirmation,0.0,1.0,P,ols_std,M,-0.004958131396337063,0.004839967219462663,20
confirmation,0.0,1.0,P,ols_std,N,0.27550532327136057,0.004383089903685377,20
confirmation,0.0,1.0,P,ols_std,N_long_C1,-0.004609966933653019,0.0016518731580459818,20
confirmation,0.0,1.0,P,ridge,M,-0.004957233212236735,0.004839906231437446,20
confirmation,0.0,1.0,P,ridge,N,0.27550581081363784,0.004381916729621966,20
confirmation,0.0,1.0,P,ridge,N_long_C1,-0.004608297930903636,0.0016511611412092203,20
confirmation,0.0,1.0,R,ols_raw,M,-0.004103100571304941,0.004827134482054939,20
confirmation,0.0,1.0,R,ols_raw,N,-0.003043113146101166,0.002641797030123783,20
confirmation,0.0,1.0,R,ols_raw,N_long_C1,-0.0030627005028589626,0.0011995692706166952,20
confirmation,0.0,1.0,R,ols_std,M,-0.004103100571304941,0.004827134482054939,20
confirmation,0.0,1.0,R,ols_std,N,-0.003043113146101166,0.002641797030123783,20
confirmation,0.0,1.0,R,ols_std,N_long_C1,-0.0030627005028589626,0.0011995692706166952,20
confirmation,0.0,1.0,R,ridge,M,-0.004103100571304941,0.004827134482054939,20
confirmation,0.0,1.0,R,ridge,N,-0.003043113146101166,0.002641797030123783,20
confirmation,0.0,1.0,R,ridge,N_long_C1,-0.0030627005028589626,0.0011995692706166952,20
confirmation,0.25,0.0,ALL,ols_std,M,0.19242241174669822,0.02006811323096962,20
confirmation,0.25,0.0,ALL,ols_std,N,-0.035960879106873275,0.027821265648916214,20
confirmation,0.25,0.0,ALL,ols_std,N_long_C1,-0.03276547186540074,0.012467038872130687,20
confirmation,0.25,0.0,ALL,ridge,M,0.14255404255313964,0.017767422055871417,20
confirmation,0.25,0.0,ALL,ridge,N,-0.019061398949483895,0.019768930624729696,20
confirmation,0.25,0.0,ALL,ridge,N_long_C1,-0.02022555580545641,0.010057809363796197,20
confirmation,0.25,0.0,CLS,ols_std,M,-0.010131582252960016,0.005540613649268943,20
confirmation,0.25,0.0,CLS,ols_std,N,-0.012112035589498688,0.010306111845499242,20
confirmation,0.25,0.0,CLS,ols_std,N_long_C1,-0.013642319265206912,0.004348771591848958,20
confirmation,0.25,0.0,CLS,ridge,M,-0.006479388388286725,0.005126941197224662,20
confirmation,0.25,0.0,CLS,ridge,N,-0.004045936882871944,0.005065098735719632,20
confirmation,0.25,0.0,CLS,ridge,N_long_C1,-0.007269655962249368,0.003045148685935548,20
confirmation,0.25,0.0,J,ols_raw,M,-0.010131582252940642,0.005540613649276807,20
confirmation,0.25,0.0,J,ols_raw,N,-0.012112035589476792,0.01030611184551165,20
confirmation,0.25,0.0,J,ols_raw,N_long_C1,-0.01364231926521334,0.004348771591843427,20
confirmation,0.25,0.0,J,ols_std,M,-0.010131582252960016,0.005540613649268943,20
confirmation,0.25,0.0,J,ols_std,N,-0.012112035589498688,0.010306111845499242,20
confirmation,0.25,0.0,J,ols_std,N_long_C1,-0.013642319265206912,0.004348771591848958,20
confirmation,0.25,0.0,J,ridge,M,-0.006479388388286725,0.005126941197224662,20
confirmation,0.25,0.0,J,ridge,N,-0.004045936882871944,0.005065098735719632,20
confirmation,0.25,0.0,J,ridge,N_long_C1,-0.007269655962249368,0.003045148685935548,20
confirmation,0.25,0.0,P,ols_raw,M,-0.005042577301742808,0.004659359900119149,20
confirmation,0.25,0.0,P,ols_raw,N,-0.004488553557524307,0.004460448605054177,20
confirmation,0.25,0.0,P,ols_raw,N_long_C1,-0.0046593711006549365,0.0019038895267329198,20
confirmation,0.25,0.0,P,ols_std,M,-0.005042577301742802,0.004659359900119148,20
confirmation,0.25,0.0,P,ols_std,N,-0.0044885535575242995,0.004460448605054176,20
confirmation,0.25,0.0,P,ols_std,N_long_C1,-0.004659371100654932,0.0019038895267329136,20
confirmation,0.25,0.0,P,ridge,M,-0.005041571836212641,0.004659540315283785,20
confirmation,0.25,0.0,P,ridge,N,-0.004486953557769897,0.004459032205050266,20
confirmation,0.25,0.0,P,ridge,N_long_C1,-0.004657740534155429,0.0019032831674657966,20
confirmation,0.25,0.0,R,ols_raw,M,0.20196711906779224,0.019895315748072812,20
confirmation,0.25,0.0,R,ols_raw,N,-0.014970650738562661,0.007696135462068608,20
confirmation,0.25,0.0,R,ols_raw,N_long_C1,-0.014537612954924761,0.004601017355505244,20
confirmation,0.25,0.0,R,ols_std,M,0.20196711906778755,0.019895315748091343,20
confirmation,0.25,0.0,R,ols_std,N,-0.014970650738582206,0.0076961354620938595,20
confirmation,0.25,0.0,R,ols_std,N_long_C1,-0.014537612954928308,0.004601017355512876,20
confirmation,0.25,0.0,R,ridge,M,0.1491075785200179,0.01710135248299594,20
confirmation,0.25,0.0,R,ridge,N,-0.008196175174254356,0.0056610776030302104,20
confirmation,0.25,0.0,R,ridge,N_long_C1,-0.009560960692259661,0.004539676799827573,20
confirmation,0.25,0.25,ALL,ols_std,M,0.1928276730906849,0.02078943161643097,20
confirmation,0.25,0.25,ALL,ols_std,N,-0.00811741381688743,0.02391390856906233,20
confirmation,0.25,0.25,ALL,ols_std,N_long_C1,-0.025130336254763012,0.012589184391832623,20
confirmation,0.25,0.25,ALL,ridge,M,0.14302958842905844,0.018289156425168405,20
confirmation,0.25,0.25,ALL,ridge,N,0.008219204818588665,0.016665028169572875,20
confirmation,0.25,0.25,ALL,ridge,N_long_C1,-0.014817489256677387,0.010155234326057022,20
confirmation,0.25,0.25,CLS,ols_std,M,0.005832008924700269,0.00833308876668078,20
confirmation,0.25,0.25,CLS,ols_std,N,-0.00369907811746464,0.013614701844956417,20
confirmation,0.25,0.25,CLS,ols_std,N_long_C1,-0.006852676661270876,0.004777784114777398,20
confirmation,0.25,0.25,CLS,ridge,M,0.0043141320741837165,0.007525272552240275,20
confirmation,0.25,0.25,CLS,ridge,N,0.004281268499616275,0.007825349277070142,20
confirmation,0.25,0.25,CLS,ridge,N_long_C1,-0.002748230491499015,0.003442398345294984,20
confirmation,0.25,0.25,J,ols_raw,M,0.0058320089247222325,0.00833308876668173,20
confirmation,0.25,0.25,J,ols_raw,N,-0.0036990781174741196,0.013614701844890704,20
confirmation,0.25,0.25,J,ols_raw,N_long_C1,-0.0068526766612509215,0.004777784114757425,20
confirmation,0.25,0.25,J,ols_std,M,0.005832008924700269,0.00833308876668078,20
confirmation,0.25,0.25,J,ols_std,N,-0.00369907811746464,0.013614701844956417,20
confirmation,0.25,0.25,J,ols_std,N_long_C1,-0.006852676661270876,0.004777784114777398,20
confirmation,0.25,0.25,J,ridge,M,0.0043141320741837165,0.007525272552240275,20
confirmation,0.25,0.25,J,ridge,N,0.004281268499616275,0.007825349277070142,20
confirmation,0.25,0.25,J,ridge,N_long_C1,-0.002748230491499015,0.003442398345294984,20
confirmation,0.25,0.25,P,ols_raw,M,-0.004917794910258482,0.004585048699300149,20
confirmation,0.25,0.25,P,ols_raw,N,0.020246147117494322,0.009867779103002074,20
confirmation,0.25,0.25,P,ols_raw,N_long_C1,-0.004382822043963927,0.0016914906369468123,20
confirmation,0.25,0.25,P,ols_std,M,-0.004917794910258479,0.004585048699300143,20
confirmation,0.25,0.25,P,ols_std,N,0.02024614711749432,0.009867779103002076,20
confirmation,0.25,0.25,P,ols_std,N_long_C1,-0.004382822043963936,0.0016914906369468142,20
confirmation,0.25,0.25,P,ridge,M,-0.004916863798242432,0.004585238119263756,20
confirmation,0.25,0.25,P,ridge,N,0.020248623300730843,0.009863483812294153,20
confirmation,0.25,0.25,P,ridge,N_long_C1,-0.004381360942189992,0.0016909329654105707,20
confirmation,0.25,0.25,R,ols_raw,M,0.20196711906779224,0.019895315748072812,20
confirmation,0.25,0.25,R,ols_raw,N,-0.014970650738562661,0.007696135462068608,20
confirmation,0.25,0.25,R,ols_raw,N_long_C1,-0.014537612954924761,0.004601017355505244,20
confirmation,0.25,0.25,R,ols_std,M,0.20196711906778755,0.019895315748091343,20
confirmation,0.25,0.25,R,ols_std,N,-0.014970650738582206,0.0076961354620938595,20
confirmation,0.25,0.25,R,ols_std,N_long_C1,-0.014537612954928308,0.004601017355512876,20
confirmation,0.25,0.25,R,ridge,M,0.1491075785200179,0.01710135248299594,20
confirmation,0.25,0.25,R,ridge,N,-0.008196175174254356,0.0056610776030302104,20
confirmation,0.25,0.25,R,ridge,N_long_C1,-0.009560960692259661,0.004539676799827573,20
confirmation,0.25,0.5,ALL,ols_std,M,0.19312287508741724,0.021505481968767528,20
confirmation,0.25,0.5,ALL,ols_std,N,0.0640350281250466,0.02072577318259429,20
confirmation,0.25,0.5,ALL,ols_std,N_long_C1,-0.0028322292471085037,0.013049360074160913,20
confirmation,0.25,0.5,ALL,ridge,M,0.14370202311973185,0.018798705545727993,20
confirmation,0.25,0.5,ALL,ridge,N,0.07861394570086677,0.01570082573022342,20
confirmation,0.25,0.5,ALL,ridge,N_long_C1,0.00029731007068683346,0.010659306366070962,20
confirmation,0.25,0.5,CLS,ols_std,M,0.0422435078858319,0.009430732502636992,20
confirmation,0.25,0.5,CLS,ols_std,N,0.008759941976496714,0.017295078968983548,20
confirmation,0.25,0.5,CLS,ols_std,N_long_C1,0.007522520332294306,0.006368371065969806,20
confirmation,0.25,0.5,CLS,ridge,M,0.02963760877686803,0.008743260435069828,20
confirmation,0.25,0.5,CLS,ridge,N,0.014659648676755715,0.011179815161757692,20
confirmation,0.25,0.5,CLS,ridge,N_long_C1,0.007443787144197103,0.0044908320215664085,20
confirmation,0.25,0.5,J,ols_raw,M,0.04224350788583019,0.009430732502650054,20
confirmation,0.25,0.5,J,ols_raw,N,0.00875994197654189,0.01729507896893827,20
confirmation,0.25,0.5,J,ols_raw,N_long_C1,0.007522520332298416,0.006368371065984004,20
confirmation,0.25,0.5,J,ols_std,M,0.0422435078858319,0.009430732502636992,20
confirmation,0.25,0.5,J,ols_std,N,0.008759941976496714,0.017295078968983548,20
confirmation,0.25,0.5,J,ols_std,N_long_C1,0.007522520332294306,0.006368371065969806,20
confirmation,0.25,0.5,J,ridge,M,0.02963760877686803,0.008743260435069828,20
confirmation,0.25,0.5,J,ridge,N,0.014659648676755715,0.011179815161757692,20
confirmation,0.25,0.5,J,ridge,N_long_C1,0.007443787144197103,0.0044908320215664085,20
confirmation,0.25,0.5,P,ols_raw,M,-0.004844018868491577,0.0045886097505010845,20
confirmation,0.25,0.5,P,ols_raw,N,0.08724767460103375,0.012180310190673586,20
confirmation,0.25,0.5,P,ols_raw,N_long_C1,-0.004255579477066259,0.0017253284335540546,20
confirmation,0.25,0.5,P,ols_std,M,-0.0048440188684915775,0.004588609750501091,20
confirmation,0.25,0.5,P,ols_std,N,0.08724767460103373,0.01218031019067361,20
confirmation,0.25,0.5,P,ols_std,N_long_C1,-0.004255579477066255,0.0017253284335540591,20
confirmation,0.25,0.5,P,ridge,M,-0.0048431435269714294,0.0045887568994041755,20
confirmation,0.25,0.5,P,ridge,N,0.08725019753762987,0.012177185114703778,20
confirmation,0.25,0.5,P,ridge,N_long_C1,-0.004254181245732839,0.001724588440489114,20
confirmation,0.25,0.5,R,ols_raw,M,0.20196711906779224,0.019895315748072812,20
confirmation,0.25,0.5,R,ols_raw,N,-0.014970650738562661,0.007696135462068608,20
confirmation,0.25,0.5,R,ols_raw,N_long_C1,-0.014537612954924761,0.004601017355505244,20
confirmation,0.25,0.5,R,ols_std,M,0.20196711906778755,0.019895315748091343,20
confirmation,0.25,0.5,R,ols_std,N,-0.014970650738582206,0.0076961354620938595,20
confirmation,0.25,0.5,R,ols_std,N_long_C1,-0.014537612954928308,0.004601017355512876,20
confirmation,0.25,0.5,R,ridge,M,0.1491075785200179,0.01710135248299594,20
confirmation,0.25,0.5,R,ridge,N,-0.008196175174254356,0.0056610776030302104,20
confirmation,0.25,0.5,R,ridge,N_long_C1,-0.009560960692259661,0.004539676799827573,20
confirmation,0.25,0.75,ALL,ols_std,M,0.19324087772606335,0.021931798721595907,20
confirmation,0.25,0.75,ALL,ols_std,N,0.16154412606825072,0.017377861287564716,20
confirmation,0.25,0.75,ALL,ols_std,N_long_C1,0.029246731339671594,0.013435276050231116,20
confirmation,0.25,0.75,ALL,ridge,M,0.14434514441897237,0.01907342430426487,20
confirmation,0.25,0.75,ALL,ridge,N,0.1744806869896917,0.01249269119467572,20
confirmation,0.25,0.75,ALL,ridge,N_long_C1,0.021865013420165662,0.011171514737009192,20
confirmation,0.25,0.75,CLS,ols_std,M,0.07600831184818757,0.011186334226766164,20
confirmation,0.25,0.75,CLS,ols_std,N,0.003485564010074079,0.0231812134640126,20
confirmation,0.25,0.75,CLS,ols_std,N_long_C1,0.020564308522197674,0.007501667955213794,20
confirmation,0.25,0.75,CLS,ridge,M,0.05368627005272848,0.0102067769815388,20
confirmation,0.25,0.75,CLS,ridge,N,0.007850482005468045,0.019095791009007088,20
confirmation,0.25,0.75,CLS,ridge,N_long_C1,0.016991389101368208,0.005611291844115669,20
confirmation,0.25,0.75,J,ols_raw,M,0.07600831184820207,0.011186334226762903,20
confirmation,0.25,0.75,J,ols_raw,N,0.0034855640100729334,0.02318121346399972,20
confirmation,0.25,0.75,J,ols_raw,N_long_C1,0.020564308522213533,0.0075016679552012645,20
confirmation,0.25,0.75,J,ols_std,M,0.07600831184818757,0.011186334226766164,20
confirmation,0.25,0.75,J,ols_std,N,0.003485564010074079,0.0231812134640126,20
confirmation,0.25,0.75,J,ols_std,N_long_C1,0.020564308522197674,0.007501667955213794,20
confirmation,0.25,0.75,J,ridge,M,0.05368627005272848,0.0102067769815388,20
confirmation,0.25,0.75,J,ridge,N,0.007850482005468045,0.019095791009007088,20
confirmation,0.25,0.75,J,ridge,N_long_C1,0.016991389101368208,0.005611291844115669,20
confirmation,0.25,0.75,P,ols_raw,M,-0.004850864678850873,0.004667608056343257,20
confirmation,0.25,0.75,P,ols_raw,N,0.18196148568445691,0.008283154874006503,20
confirmation,0.25,0.75,P,ols_raw,N_long_C1,-0.004327718025918578,0.0017405442358883294,20
confirmation,0.25,0.75,P,ols_std,M,-0.004850864678850877,0.004667608056343256,20
confirmation,0.25,0.75,P,ols_std,N,0.18196148568445691,0.008283154874006512,20
confirmation,0.25,0.75,P,ols_std,N_long_C1,-0.004327718025918573,0.0017405442358883253,20
confirmation,0.25,0.75,P,ridge,M,-0.00485000697024816,0.004667680329771031,20
confirmation,0.25,0.75,P,ridge,N,0.1819631066018746,0.00828379318712186,20
confirmation,0.25,0.75,P,ridge,N_long_C1,-0.004326250853643206,0.0017397228239048872,20
confirmation,0.25,0.75,R,ols_raw,M,0.20196711906779224,0.019895315748072812,20
confirmation,0.25,0.75,R,ols_raw,N,-0.014970650738562661,0.007696135462068608,20
confirmation,0.25,0.75,R,ols_raw,N_long_C1,-0.014537612954924761,0.004601017355505244,20
confirmation,0.25,0.75,R,ols_std,M,0.20196711906778755,0.019895315748091343,20
confirmation,0.25,0.75,R,ols_std,N,-0.014970650738582206,0.0076961354620938595,20
confirmation,0.25,0.75,R,ols_std,N_long_C1,-0.014537612954928308,0.004601017355512876,20
confirmation,0.25,0.75,R,ridge,M,0.1491075785200179,0.01710135248299594,20
confirmation,0.25,0.75,R,ridge,N,-0.008196175174254356,0.0056610776030302104,20
confirmation,0.25,0.75,R,ridge,N_long_C1,-0.009560960692259661,0.004539676799827573,20
confirmation,0.25,1.0,ALL,ols_std,M,0.19317378611219232,0.02194285373228387,20
confirmation,0.25,1.0,ALL,ols_std,N,0.2557262588311774,0.01686512190124874,20
confirmation,0.25,1.0,ALL,ols_std,N_long_C1,0.06088574052331726,0.013679775577042464,20
confirmation,0.25,1.0,ALL,ridge,M,0.14465465506718087,0.019091994560441448,20
confirmation,0.25,1.0,ALL,ridge,N,0.2675260792261342,0.01141966017302675,20
confirmation,0.25,1.0,ALL,ridge,N_long_C1,0.043102775301133746,0.01147944975579707,20
confirmation,0.25,1.0,CLS,ols_std,M,0.09771732793545489,0.013622013974191107,20
confirmation,0.25,1.0,CLS,ols_std,N,-0.022798336459826464,0.033405838102597944,20
confirmation,0.25,1.0,CLS,ols_std,N_long_C1,0.028675465470578743,0.00795619543416742,20
confirmation,0.25,1.0,CLS,ridge,M,0.06949567113732069,0.011901623326365574,20
confirmation,0.25,1.0,CLS,ridge,N,-0.017976859704657806,0.031715354971567376,20
confirmation,0.25,1.0,CLS,ridge,N_long_C1,0.023107807149245724,0.006388372014937068,20
confirmation,0.25,1.0,J,ols_raw,M,0.09771732793544594,0.01362201397418548,20
confirmation,0.25,1.0,J,ols_raw,N,-0.022798336459846837,0.033405838102689184,20
confirmation,0.25,1.0,J,ols_raw,N_long_C1,0.02867546547057237,0.00795619543419222,20
confirmation,0.25,1.0,J,ols_std,M,0.09771732793545489,0.013622013974191107,20
confirmation,0.25,1.0,J,ols_std,N,-0.022798336459826464,0.033405838102597944,20
confirmation,0.25,1.0,J,ols_std,N_long_C1,0.028675465470578743,0.00795619543416742,20
confirmation,0.25,1.0,J,ridge,M,0.06949567113732069,0.011901623326365574,20
confirmation,0.25,1.0,J,ridge,N,-0.017976859704657806,0.031715354971567376,20
confirmation,0.25,1.0,J,ridge,N_long_C1,0.023107807149245724,0.006388372014937068,20
confirmation,0.25,1.0,P,ols_raw,M,-0.004958131396337068,0.004839967219462666,20
confirmation,0.25,1.0,P,ols_raw,N,0.27550532327136057,0.00438308990368538,20
confirmation,0.25,1.0,P,ols_raw,N_long_C1,-0.004609966933653022,0.0016518731580459792,20
confirmation,0.25,1.0,P,ols_std,M,-0.004958131396337063,0.004839967219462663,20
confirmation,0.25,1.0,P,ols_std,N,0.27550532327136057,0.004383089903685377,20
confirmation,0.25,1.0,P,ols_std,N_long_C1,-0.004609966933653019,0.0016518731580459818,20
confirmation,0.25,1.0,P,ridge,M,-0.004957233212236735,0.004839906231437446,20
confirmation,0.25,1.0,P,ridge,N,0.27550581081363784,0.004381916729621966,20
confirmation,0.25,1.0,P,ridge,N_long_C1,-0.004608297930903636,0.0016511611412092203,20
confirmation,0.25,1.0,R,ols_raw,M,0.20196711906779224,0.019895315748072812,20
confirmation,0.25,1.0,R,ols_raw,N,-0.014970650738562661,0.007696135462068608,20
confirmation,0.25,1.0,R,ols_raw,N_long_C1,-0.014537612954924761,0.004601017355505244,20
confirmation,0.25,1.0,R,ols_std,M,0.20196711906778755,0.019895315748091343,20
confirmation,0.25,1.0,R,ols_std,N,-0.014970650738582206,0.0076961354620938595,20
confirmation,0.25,1.0,R,ols_std,N_long_C1,-0.014537612954928308,0.004601017355512876,20
confirmation,0.25,1.0,R,ridge,M,0.1491075785200179,0.01710135248299594,20
confirmation,0.25,1.0,R,ridge,N,-0.008196175174254356,0.0056610776030302104,20
confirmation,0.25,1.0,R,ridge,N_long_C1,-0.009560960692259661,0.004539676799827573,20
confirmation,0.5,0.0,ALL,ols_std,M,0.3447118443513527,0.025289569307476754,20
confirmation,0.5,0.0,ALL,ols_std,N,-0.026070526154916,0.017530905244120598,20
confirmation,0.5,0.0,ALL,ols_std,N_long_C1,-0.02870021400281974,0.010390039339443519,20
confirmation,0.5,0.0,ALL,ridge,M,0.2781692946681449,0.022384399705539782,20
confirmation,0.5,0.0,ALL,ridge,N,-0.014828548539084057,0.013255866432421628,20
confirmation,0.5,0.0,ALL,ridge,N_long_C1,-0.01907309722935918,0.008109723324979985,20
confirmation,0.5,0.0,CLS,ols_std,M,-0.011303102608203842,0.006342128548856617,20
confirmation,0.5,0.0,CLS,ols_std,N,-0.011821953728235756,0.007862086602992016,20
confirmation,0.5,0.0,CLS,ols_std,N_long_C1,-0.015128278834349588,0.0048482855603302335,20
confirmation,0.5,0.0,CLS,ridge,M,-0.007349720266626299,0.005953104061645267,20
confirmation,0.5,0.0,CLS,ridge,N,-0.006280439015716658,0.0065017753738363885,20
confirmation,0.5,0.0,CLS,ridge,N_long_C1,-0.009158694344352665,0.0030300128621101995,20
confirmation,0.5,0.0,J,ols_raw,M,-0.011303102608202208,0.006342128548856264,20
confirmation,0.5,0.0,J,ols_raw,N,-0.011821953728236563,0.00786208660299302,20
confirmation,0.5,0.0,J,ols_raw,N_long_C1,-0.015128278834345959,0.004848285560331088,20
confirmation,0.5,0.0,J,ols_std,M,-0.011303102608203842,0.006342128548856617,20
confirmation,0.5,0.0,J,ols_std,N,-0.011821953728235756,0.007862086602992016,20
confirmation,0.5,0.0,J,ols_std,N_long_C1,-0.015128278834349588,0.0048482855603302335,20
confirmation,0.5,0.0,J,ridge,M,-0.007349720266626299,0.005953104061645267,20
confirmation,0.5,0.0,J,ridge,N,-0.006280439015716658,0.0065017753738363885,20
confirmation,0.5,0.0,J,ridge,N_long_C1,-0.009158694344352665,0.0030300128621101995,20
confirmation,0.5,0.0,P,ols_raw,M,-0.005042577301742808,0.004659359900119149,20
confirmation,0.5,0.0,P,ols_raw,N,-0.004488553557524307,0.004460448605054177,20
confirmation,0.5,0.0,P,ols_raw,N_long_C1,-0.0046593711006549365,0.0019038895267329198,20
confirmation,0.5,0.0,P,ols_std,M,-0.005042577301742802,0.004659359900119148,20
confirmation,0.5,0.0,P,ols_std,N,-0.0044885535575242995,0.004460448605054176,20
confirmation,0.5,0.0,P,ols_std,N_long_C1,-0.004659371100654932,0.0019038895267329136,20
confirmation,0.5,0.0,P,ridge,M,-0.005041571836212641,0.004659540315283785,20
confirmation,0.5,0.0,P,ridge,N,-0.004486953557769897,0.004459032205050266,20
confirmation,0.5,0.0,P,ridge,N_long_C1,-0.004657740534155429,0.0019032831674657966,20
confirmation,0.5,0.0,R,ols_raw,M,0.3513304790245787,0.024947372200429217,20
confirmation,0.5,0.0,R,ols_raw,N,-0.011619309877341551,0.005935542719194598,20
confirmation,0.5,0.0,R,ols_raw,N_long_C1,-0.01225911764061524,0.004331493990994351,20
confirmation,0.5,0.0,R,ols_std,M,0.35133047902457765,0.024947372200429033,20
confirmation,0.5,0.0,R,ols_std,N,-0.011619309877340205,0.005935542719193878,20
confirmation,0.5,0.0,R,ols_std,N_long_C1,-0.01225911764061391,0.00433149399099415,20
confirmation,0.5,0.0,R,ridge,M,0.2830945408346623,0.0218870901893144,20
confirmation,0.5,0.0,R,ridge,N,-0.007478911649983268,0.004842562652135975,20
confirmation,0.5,0.0,R,ridge,N_long_C1,-0.0086675599164085,0.003162190776520426,20
confirmation,0.5,0.25,ALL,ols_std,M,0.344730290932659,0.02528455868792745,20
confirmation,0.5,0.25,ALL,ols_std,N,8.50552527147221e-06,0.017412995800800423,20
confirmation,0.5,0.25,ALL,ols_std,N_long_C1,-0.017164469404028576,0.011150507735057795,20
confirmation,0.5,0.25,ALL,ridge,M,0.2786421127501121,0.022676349023313606,20
confirmation,0.5,0.25,ALL,ridge,N,0.010619780836711267,0.014322848484983063,20
confirmation,0.5,0.25,ALL,ridge,N_long_C1,-0.010796540518250011,0.009183332698284192,20
confirmation,0.5,0.25,CLS,ols_std,M,0.016368800503080223,0.011834994451390588,20
confirmation,0.5,0.25,CLS,ols_std,N,-0.0156027002722073,0.010733514861130606,20
confirmation,0.5,0.25,CLS,ols_std,N_long_C1,-0.005018596499214602,0.007044326390381174,20
confirmation,0.5,0.25,CLS,ridge,M,0.013913890384719161,0.010152345560347834,20
confirmation,0.5,0.25,CLS,ridge,N,-0.00922091995409465,0.010021779451197588,20
confirmation,0.5,0.25,CLS,ridge,N_long_C1,-0.002167912642129317,0.005260351675768971,20
confirmation,0.5,0.25,J,ols_raw,M,0.01636880050307756,0.011834994451390603,20
confirmation,0.5,0.25,J,ols_raw,N,-0.015602700272208902,0.010733514861130198,20
confirmation,0.5,0.25,J,ols_raw,N_long_C1,-0.005018596499215379,0.007044326390380499,20
confirmation,0.5,0.25,J,ols_std,M,0.016368800503080223,0.011834994451390588,20
confirmation,0.5,0.25,J,ols_std,N,-0.0156027002722073,0.010733514861130606,20
confirmation,0.5,0.25,J,ols_std,N_long_C1,-0.005018596499214602,0.007044326390381174,20
confirmation,0.5,0.25,J,ridge,M,0.013913890384719161,0.010152345560347834,20
confirmation,0.5,0.25,J,ridge,N,-0.00922091995409465,0.010021779451197588,20
confirmation,0.5,0.25,J,ridge,N_long_C1,-0.002167912642129317,0.005260351675768971,20
confirmation,0.5,0.25,P,ols_raw,M,-0.004917794910258482,0.004585048699300149,20
confirmation,0.5,0.25,P,ols_raw,N,0.020246147117494322,0.009867779103002074,20
confirmation,0.5,0.25,P,ols_raw,N_long_C1,-0.004382822043963927,0.0016914906369468123,20
confirmation,0.5,0.25,P,ols_std,M,-0.004917794910258479,0.004585048699300143,20
confirmation,0.5,0.25,P,ols_std,N,0.02024614711749432,0.009867779103002076,20
confirmation,0.5,0.25,P,ols_std,N_long_C1,-0.004382822043963936,0.0016914906369468142,20
confirmation,0.5,0.25,P,ridge,M,-0.004916863798242432,0.004585238119263756,20
confirmation,0.5,0.25,P,ridge,N,0.020248623300730843,0.009863483812294153,20
confirmation,0.5,0.25,P,ridge,N_long_C1,-0.004381360942189992,0.0016909329654105707,20
confirmation,0.5,0.25,R,ols_raw,M,0.3513304790245787,0.024947372200429217,20
confirmation,0.5,0.25,R,ols_raw,N,-0.011619309877341551,0.005935542719194598,20
confirmation,0.5,0.25,R,ols_raw,N_long_C1,-0.01225911764061524,0.004331493990994351,20
confirmation,0.5,0.25,R,ols_std,M,0.35133047902457765,0.024947372200429033,20
confirmation,0.5,0.25,R,ols_std,N,-0.011619309877340205,0.005935542719193878,20
confirmation,0.5,0.25,R,ols_std,N_long_C1,-0.01225911764061391,0.00433149399099415,20
confirmation,0.5,0.25,R,ridge,M,0.2830945408346623,0.0218870901893144,20
confirmation,0.5,0.25,R,ridge,N,-0.007478911649983268,0.004842562652135975,20
confirmation,0.5,0.25,R,ridge,N_long_C1,-0.0086675599164085,0.003162190776520426,20
confirmation,0.5,0.5,ALL,ols_std,M,0.34482534643544105,0.02531693472277706,20
confirmation,0.5,0.5,ALL,ols_std,N,0.07011951673704474,0.01758665867770963,20
confirmation,0.5,0.5,ALL,ols_std,N_long_C1,0.01703210294180768,0.012263795286189485,20
confirmation,0.5,0.5,ALL,ridge,M,0.2795237504904976,0.022893046359515543,20
confirmation,0.5,0.5,ALL,ridge,N,0.07926808546023471,0.01567590037931694,20
confirmation,0.5,0.5,ALL,ridge,N_long_C1,0.013445589164344404,0.010612770351188109,20
confirmation,0.5,0.5,CLS,ols_std,M,0.07831597880152616,0.012056093445001179,20
confirmation,0.5,0.5,CLS,ols_std,N,-0.028396804948828014,0.025740175002654044,20
confirmation,0.5,0.5,CLS,ols_std,N_long_C1,0.017244241982707124,0.008611268804857745,20
confirmation,0.5,0.5,CLS,ridge,M,0.06266773783018574,0.01133287140715104,20
confirmation,0.5,0.5,CLS,ridge,N,-0.019773359628665464,0.023290734520391012,20
confirmation,0.5,0.5,CLS,ridge,N_long_C1,0.014020697114576226,0.0069300466606011515,20
confirmation,0.5,0.5,J,ols_raw,M,0.07831597880152316,0.012056093445000736,20
confirmation,0.5,0.5,J,ols_raw,N,-0.028396804948836805,0.02574017500265525,20
confirmation,0.5,0.5,J,ols_raw,N_long_C1,0.01724424198270856,0.008611268804856895,20
confirmation,0.5,0.5,J,ols_std,M,0.07831597880152616,0.012056093445001179,20
confirmation,0.5,0.5,J,ols_std,N,-0.028396804948828014,0.025740175002654044,20
confirmation,0.5,0.5,J,ols_std,N_long_C1,0.017244241982707124,0.008611268804857745,20
confirmation,0.5,0.5,J,ridge,M,0.06266773783018574,0.01133287140715104,20
confirmation,0.5,0.5,J,ridge,N,-0.019773359628665464,0.023290734520391012,20
confirmation,0.5,0.5,J,ridge,N_long_C1,0.014020697114576226,0.0069300466606011515,20
confirmation,0.5,0.5,P,ols_raw,M,-0.004844018868491577,0.0045886097505010845,20
confirmation,0.5,0.5,P,ols_raw,N,0.08724767460103375,0.012180310190673586,20
confirmation,0.5,0.5,P,ols_raw,N_long_C1,-0.004255579477066259,0.0017253284335540546,20
confirmation,0.5,0.5,P,ols_std,M,-0.0048440188684915775,0.004588609750501091,20
confirmation,0.5,0.5,P,ols_std,N,0.08724767460103373,0.01218031019067361,20
confirmation,0.5,0.5,P,ols_std,N_long_C1,-0.004255579477066255,0.0017253284335540591,20
confirmation,0.5,0.5,P,ridge,M,-0.0048431435269714294,0.0045887568994041755,20
confirmation,0.5,0.5,P,ridge,N,0.08725019753762987,0.012177185114703778,20
confirmation,0.5,0.5,P,ridge,N_long_C1,-0.004254181245732839,0.001724588440489114,20
confirmation,0.5,0.5,R,ols_raw,M,0.3513304790245787,0.024947372200429217,20
confirmation,0.5,0.5,R,ols_raw,N,-0.011619309877341551,0.005935542719194598,20
confirmation,0.5,0.5,R,ols_raw,N_long_C1,-0.01225911764061524,0.004331493990994351,20
confirmation,0.5,0.5,R,ols_std,M,0.35133047902457765,0.024947372200429033,20
confirmation,0.5,0.5,R,ols_std,N,-0.011619309877340205,0.005935542719193878,20
confirmation,0.5,0.5,R,ols_std,N_long_C1,-0.01225911764061391,0.00433149399099415,20
confirmation,0.5,0.5,R,ridge,M,0.2830945408346623,0.0218870901893144,20
confirmation,0.5,0.5,R,ridge,N,-0.007478911649983268,0.004842562652135975,20
confirmation,0.5,0.5,R,ridge,N_long_C1,-0.0086675599164085,0.003162190776520426,20
confirmation,0.5,0.75,ALL,ols_std,M,0.3449925859010081,0.02527649385712463,20
confirmation,0.5,0.75,ALL,ols_std,N,0.16656022800578835,0.014139233947479754,20
confirmation,0.5,0.75,ALL,ols_std,N_long_C1,0.065627529450716,0.01325399506491663,20
confirmation,0.5,0.75,ALL,ridge,M,0.28044199605749764,0.022888692520294282,20
confirmation,0.5,0.75,ALL,ridge,N,0.17475645747088167,0.012504836537247984,20
confirmation,0.5,0.75,ALL,ridge,N_long_C1,0.04765640050614264,0.011738690326049454,20
confirmation,0.5,0.75,CLS,ols_std,M,0.13561244147390034,0.012884131788418947,20
confirmation,0.5,0.75,CLS,ols_std,N,-0.051374460674499224,0.05171791720207134,20
confirmation,0.5,0.75,CLS,ols_std,N_long_C1,0.03739339060307435,0.0100952308724005,20
confirmation,0.5,0.75,CLS,ridge,M,0.10845882980885871,0.012322304196551453,20
confirmation,0.5,0.75,CLS,ridge,N,-0.03834978856836215,0.04288601933846959,20
confirmation,0.5,0.75,CLS,ridge,N_long_C1,0.029257247420776723,0.008166709937216705,20
confirmation,0.5,0.75,J,ols_raw,M,0.13561244147389756,0.012884131788418482,20
confirmation,0.5,0.75,J,ols_raw,N,-0.05137446067450284,0.05171791720207035,20
confirmation,0.5,0.75,J,ols_raw,N_long_C1,0.03739339060307163,0.010095230872400454,20
confirmation,0.5,0.75,J,ols_std,M,0.13561244147390034,0.012884131788418947,20
confirmation,0.5,0.75,J,ols_std,N,-0.051374460674499224,0.05171791720207134,20
confirmation,0.5,0.75,J,ols_std,N_long_C1,0.03739339060307435,0.0100952308724005,20
confirmation,0.5,0.75,J,ridge,M,0.10845882980885871,0.012322304196551453,20
confirmation,0.5,0.75,J,ridge,N,-0.03834978856836215,0.04288601933846959,20
confirmation,0.5,0.75,J,ridge,N_long_C1,0.029257247420776723,0.008166709937216705,20
confirmation,0.5,0.75,P,ols_raw,M,-0.004850864678850873,0.004667608056343257,20
confirmation,0.5,0.75,P,ols_raw,N,0.18196148568445691,0.008283154874006503,20
confirmation,0.5,0.75,P,ols_raw,N_long_C1,-0.004327718025918578,0.0017405442358883294,20
confirmation,0.5,0.75,P,ols_std,M,-0.004850864678850877,0.004667608056343256,20
confirmation,0.5,0.75,P,ols_std,N,0.18196148568445691,0.008283154874006512,20
confirmation,0.5,0.75,P,ols_std,N_long_C1,-0.004327718025918573,0.0017405442358883253,20
confirmation,0.5,0.75,P,ridge,M,-0.00485000697024816,0.004667680329771031,20
confirmation,0.5,0.75,P,ridge,N,0.1819631066018746,0.00828379318712186,20
confirmation,0.5,0.75,P,ridge,N_long_C1,-0.004326250853643206,0.0017397228239048872,20
confirmation,0.5,0.75,R,ols_raw,M,0.3513304790245787,0.024947372200429217,20
confirmation,0.5,0.75,R,ols_raw,N,-0.011619309877341551,0.005935542719194598,20
confirmation,0.5,0.75,R,ols_raw,N_long_C1,-0.01225911764061524,0.004331493990994351,20
confirmation,0.5,0.75,R,ols_std,M,0.35133047902457765,0.024947372200429033,20
confirmation,0.5,0.75,R,ols_std,N,-0.011619309877340205,0.005935542719193878,20
confirmation,0.5,0.75,R,ols_std,N_long_C1,-0.01225911764061391,0.00433149399099415,20
confirmation,0.5,0.75,R,ridge,M,0.2830945408346623,0.0218870901893144,20
confirmation,0.5,0.75,R,ridge,N,-0.007478911649983268,0.004842562652135975,20
confirmation,0.5,0.75,R,ridge,N_long_C1,-0.0086675599164085,0.003162190776520426,20
confirmation,0.5,1.0,ALL,ols_std,M,0.3451705210576678,0.02509943555956043,20
confirmation,0.5,1.0,ALL,ols_std,N,0.26063777238111135,0.01204185630600456,20
confirmation,0.5,1.0,ALL,ols_std,N_long_C1,0.11349930233453656,0.014586139576550992,20
confirmation,0.5,1.0,ALL,ridge,M,0.28107335998917043,0.02264242061712278,20
confirmation,0.5,1.0,ALL,ridge,N,0.26856804844878235,0.009691704110254171,20
confirmation,0.5,1.0,ALL,ridge,N_long_C1,0.08089139269878518,0.012430436703218787,20
confirmation,0.5,1.0,CLS,ols_std,M,0.17296163558290006,0.015694369086404647,20
confirmation,0.5,1.0,CLS,ols_std,N,-0.07484025598898336,0.0760649813218462,20
confirmation,0.5,1.0,CLS,ols_std,N_long_C1,0.05029855520341483,0.010953594285819329,20
confirmation,0.5,1.0,CLS,ridge,M,0.1382949026191698,0.014265501297599226,20
confirmation,0.5,1.0,CLS,ridge,N,-0.057225478281375586,0.06030322437135219,20
confirmation,0.5,1.0,CLS,ridge,N_long_C1,0.03915977036734253,0.008905925439154114,20
confirmation,0.5,1.0,J,ols_raw,M,0.17296163558290162,0.015694369086407874,20
confirmation,0.5,1.0,J,ols_raw,N,-0.07484025598898403,0.07606498132184125,20
confirmation,0.5,1.0,J,ols_raw,N_long_C1,0.05029855520341747,0.01095359428582242,20
confirmation,0.5,1.0,J,ols_std,M,0.17296163558290006,0.015694369086404647,20
confirmation,0.5,1.0,J,ols_std,N,-0.07484025598898336,0.0760649813218462,20
confirmation,0.5,1.0,J,ols_std,N_long_C1,0.05029855520341483,0.010953594285819329,20
confirmation,0.5,1.0,J,ridge,M,0.1382949026191698,0.014265501297599226,20
confirmation,0.5,1.0,J,ridge,N,-0.057225478281375586,0.06030322437135219,20
confirmation,0.5,1.0,J,ridge,N_long_C1,0.03915977036734253,0.008905925439154114,20
confirmation,0.5,1.0,P,ols_raw,M,-0.004958131396337068,0.004839967219462666,20
confirmation,0.5,1.0,P,ols_raw,N,0.27550532327136057,0.00438308990368538,20
confirmation,0.5,1.0,P,ols_raw,N_long_C1,-0.004609966933653022,0.0016518731580459792,20
confirmation,0.5,1.0,P,ols_std,M,-0.004958131396337063,0.004839967219462663,20
confirmation,0.5,1.0,P,ols_std,N,0.27550532327136057,0.004383089903685377,20
confirmation,0.5,1.0,P,ols_std,N_long_C1,-0.004609966933653019,0.0016518731580459818,20
confirmation,0.5,1.0,P,ridge,M,-0.004957233212236735,0.004839906231437446,20
confirmation,0.5,1.0,P,ridge,N,0.27550581081363784,0.004381916729621966,20
confirmation,0.5,1.0,P,ridge,N_long_C1,-0.004608297930903636,0.0016511611412092203,20
confirmation,0.5,1.0,R,ols_raw,M,0.3513304790245787,0.024947372200429217,20
confirmation,0.5,1.0,R,ols_raw,N,-0.011619309877341551,0.005935542719194598,20
confirmation,0.5,1.0,R,ols_raw,N_long_C1,-0.01225911764061524,0.004331493990994351,20
confirmation,0.5,1.0,R,ols_std,M,0.35133047902457765,0.024947372200429033,20
confirmation,0.5,1.0,R,ols_std,N,-0.011619309877340205,0.005935542719193878,20
confirmation,0.5,1.0,R,ols_std,N_long_C1,-0.01225911764061391,0.00433149399099415,20
confirmation,0.5,1.0,R,ridge,M,0.2830945408346623,0.0218870901893144,20
confirmation,0.5,1.0,R,ridge,N,-0.007478911649983268,0.004842562652135975,20
confirmation,0.5,1.0,R,ridge,N_long_C1,-0.0086675599164085,0.003162190776520426,20
confirmation,0.75,0.0,ALL,ols_std,M,0.4392667282358402,0.02290388086335619,20
confirmation,0.75,0.0,ALL,ols_std,N,-0.02230095196063973,0.011657865952957992,20
confirmation,0.75,0.0,ALL,ols_std,N_long_C1,-0.02681916704608777,0.00766378164306451,20
confirmation,0.75,0.0,ALL,ridge,M,0.4210866583089743,0.022026145817898576,20
confirmation,0.75,0.0,ALL,ridge,N,-0.016718417036735597,0.010660907923344851,20
confirmation,0.75,0.0,ALL,ridge,N_long_C1,-0.020350906841166465,0.0062870677073492845,20
confirmation,0.75,0.0,CLS,ols_std,M,-0.011338273452020592,0.006620660236414328,20
confirmation,0.75,0.0,CLS,ols_std,N,-0.011939813648239105,0.007389044952183582,20
confirmation,0.75,0.0,CLS,ols_std,N_long_C1,-0.015241169952017861,0.004561295229833345,20
confirmation,0.75,0.0,CLS,ridge,M,-0.008686570731949651,0.00651382232722628,20
confirmation,0.75,0.0,CLS,ridge,N,-0.008876871749904267,0.006647920939681955,20
confirmation,0.75,0.0,CLS,ridge,N_long_C1,-0.011436393749216674,0.0037070638110591565,20
confirmation,0.75,0.0,J,ols_raw,M,-0.011338273452020684,0.006620660236414267,20
confirmation,0.75,0.0,J,ols_raw,N,-0.01193981364823939,0.007389044952183736,20
confirmation,0.75,0.0,J,ols_raw,N_long_C1,-0.01524116995201782,0.00456129522983333,20
confirmation,0.75,0.0,J,ols_std,M,-0.011338273452020592,0.006620660236414328,20
confirmation,0.75,0.0,J,ols_std,N,-0.011939813648239105,0.007389044952183582,20
confirmation,0.75,0.0,J,ols_std,N_long_C1,-0.015241169952017861,0.004561295229833345,20
confirmation,0.75,0.0,J,ridge,M,-0.008686570731949651,0.00651382232722628,20
confirmation,0.75,0.0,J,ridge,N,-0.008876871749904267,0.006647920939681955,20
confirmation,0.75,0.0,J,ridge,N_long_C1,-0.011436393749216674,0.0037070638110591565,20
confirmation,0.75,0.0,P,ols_raw,M,-0.005042577301742808,0.004659359900119149,20
confirmation,0.75,0.0,P,ols_raw,N,-0.004488553557524307,0.004460448605054177,20
confirmation,0.75,0.0,P,ols_raw,N_long_C1,-0.0046593711006549365,0.0019038895267329198,20
confirmation,0.75,0.0,P,ols_std,M,-0.005042577301742802,0.004659359900119148,20
confirmation,0.75,0.0,P,ols_std,N,-0.0044885535575242995,0.004460448605054176,20
confirmation,0.75,0.0,P,ols_std,N_long_C1,-0.004659371100654932,0.0019038895267329136,20
confirmation,0.75,0.0,P,ridge,M,-0.005041571836212641,0.004659540315283785,20
confirmation,0.75,0.0,P,ridge,N,-0.004486953557769897,0.004459032205050266,20
confirmation,0.75,0.0,P,ridge,N_long_C1,-0.004657740534155429,0.0019032831674657966,20
confirmation,0.75,0.0,R,ols_raw,M,0.44420251986540354,0.022896814764315085,20
confirmation,0.75,0.0,R,ols_raw,N,-0.010826693644623544,0.005524807822111531,20
confirmation,0.75,0.0,R,ols_raw,N_long_C1,-0.01162917564169862,0.0037257666312185862,20
confirmation,0.75,0.0,R,ols_std,M,0.44420251986540366,0.022896814764314984,20
confirmation,0.75,0.0,R,ols_std,N,-0.010826693644623516,0.005524807822111494,20
confirmation,0.75,0.0,R,ols_std,N_long_C1,-0.011629175641698644,0.0037257666312187606,20
confirmation,0.75,0.0,R,ridge,M,0.42511365476073043,0.021909785663771435,20
confirmation,0.75,0.0,R,ridge,N,-0.008553846060050416,0.005082005136852607,20
confirmation,0.75,0.0,R,ridge,N_long_C1,-0.00906529925476188,0.0031789027743186022,20
confirmation,0.75,0.25,ALL,ols_std,M,0.4390606032562527,0.02296110292081754,20
confirmation,0.75,0.25,ALL,ols_std,N,0.0033087818242025237,0.014996526453427026,20
confirmation,0.75,0.25,ALL,ols_std,N_long_C1,-0.013223652504855906,0.008841466649850114,20
confirmation,0.75,0.25,ALL,ridge,M,0.42120397598954173,0.0221787924466062,20
confirmation,0.75,0.25,ALL,ridge,N,0.008597888673680398,0.014267397284990479,20
confirmation,0.75,0.25,ALL,ridge,N_long_C1,-0.007869803511442734,0.008137384502023717,20
confirmation,0.75,0.25,CLS,ols_std,M,0.0239902529721153,0.013416453757196354,20
confirmation,0.75,0.25,CLS,ols_std,N,-0.01615608222198554,0.009134520530463874,20
confirmation,0.75,0.25,CLS,ols_std,N_long_C1,-0.00395862715854536,0.007048071287857349,20
confirmation,0.75,0.25,CLS,ridge,M,0.02415780382733286,0.01258052655687288,20
confirmation,0.75,0.25,CLS,ridge,N,-0.012293145365152955,0.008328946797225904,20
confirmation,0.75,0.25,CLS,ridge,N_long_C1,-0.0010656549892031479,0.006513322801391518,20
confirmation,0.75,0.25,J,ols_raw,M,0.0239902529721156,0.01341645375719634,20
confirmation,0.75,0.25,J,ols_raw,N,-0.016156082221985855,0.009134520530463935,20
confirmation,0.75,0.25,J,ols_raw,N_long_C1,-0.0039586271585451156,0.007048071287857305,20
confirmation,0.75,0.25,J,ols_std,M,0.0239902529721153,0.013416453757196354,20
confirmation,0.75,0.25,J,ols_std,N,-0.01615608222198554,0.009134520530463874,20
confirmation,0.75,0.25,J,ols_std,N_long_C1,-0.00395862715854536,0.007048071287857349,20
confirmation,0.75,0.25,J,ridge,M,0.02415780382733286,0.01258052655687288,20
confirmation,0.75,0.25,J,ridge,N,-0.012293145365152955,0.008328946797225904,20
confirmation,0.75,0.25,J,ridge,N_long_C1,-0.0010656549892031479,0.006513322801391518,20
confirmation,0.75,0.25,P,ols_raw,M,-0.004917794910258482,0.004585048699300149,20
confirmation,0.75,0.25,P,ols_raw,N,0.020246147117494322,0.009867779103002074,20
confirmation,0.75,0.25,P,ols_raw,N_long_C1,-0.004382822043963927,0.0016914906369468123,20
confirmation,0.75,0.25,P,ols_std,M,-0.004917794910258479,0.004585048699300143,20
confirmation,0.75,0.25,P,ols_std,N,0.02024614711749432,0.009867779103002076,20
confirmation,0.75,0.25,P,ols_std,N_long_C1,-0.004382822043963936,0.0016914906369468142,20
confirmation,0.75,0.25,P,ridge,M,-0.004916863798242432,0.004585238119263756,20
confirmation,0.75,0.25,P,ridge,N,0.020248623300730843,0.009863483812294153,20
confirmation,0.75,0.25,P,ridge,N_long_C1,-0.004381360942189992,0.0016909329654105707,20
confirmation,0.75,0.25,R,ols_raw,M,0.44420251986540354,0.022896814764315085,20
confirmation,0.75,0.25,R,ols_raw,N,-0.010826693644623544,0.005524807822111531,20
confirmation,0.75,0.25,R,ols_raw,N_long_C1,-0.01162917564169862,0.0037257666312185862,20
confirmation,0.75,0.25,R,ols_std,M,0.44420251986540366,0.022896814764314984,20
confirmation,0.75,0.25,R,ols_std,N,-0.010826693644623516,0.005524807822111494,20
confirmation,0.75,0.25,R,ols_std,N_long_C1,-0.011629175641698644,0.0037257666312187606,20
confirmation,0.75,0.25,R,ridge,M,0.42511365476073043,0.021909785663771435,20
confirmation,0.75,0.25,R,ridge,N,-0.008553846060050416,0.005082005136852607,20
confirmation,0.75,0.25,R,ridge,N_long_C1,-0.00906529925476188,0.0031789027743186022,20
confirmation,0.75,0.5,ALL,ols_std,M,0.43889767779671046,0.023194581453868556,20
confirmation,0.75,0.5,ALL,ols_std,N,0.07262537381333041,0.01663518092003807,20
confirmation,0.75,0.5,ALL,ols_std,N_long_C1,0.026572049232436324,0.010023233773417593,20
confirmation,0.75,0.5,ALL,ridge,M,0.4216730880483078,0.022382613165414973,20
confirmation,0.75,0.5,ALL,ridge,N,0.07723507053492541,0.01658544311234166,20
confirmation,0.75,0.5,ALL,ridge,N_long_C1,0.028219087222391404,0.0094614730579652,20
confirmation,0.75,0.5,CLS,ols_std,M,0.10182291748271396,0.013493199398734723,20
confirmation,0.75,0.5,CLS,ols_std,N,-0.024120692521694895,0.016935627362877743,20
confirmation,0.75,0.5,CLS,ols_std,N_long_C1,0.021486191849282743,0.008018707359717225,20
confirmation,0.75,0.5,CLS,ridge,M,0.09743215435704597,0.013096417602457848,20
confirmation,0.75,0.5,CLS,ridge,N,-0.019451106997590808,0.016182867801055188,20
confirmation,0.75,0.5,CLS,ridge,N_long_C1,0.0226972888107152,0.007691985805784614,20
confirmation,0.75,0.5,J,ols_raw,M,0.1018229174827143,0.01349319939873457,20
confirmation,0.75,0.5,J,ols_raw,N,-0.024120692521694596,0.01693562736287779,20
confirmation,0.75,0.5,J,ols_raw,N_long_C1,0.02148619184928271,0.008018707359716763,20
confirmation,0.75,0.5,J,ols_std,M,0.10182291748271396,0.013493199398734723,20
confirmation,0.75,0.5,J,ols_std,N,-0.024120692521694895,0.016935627362877743,20
confirmation,0.75,0.5,J,ols_std,N_long_C1,0.021486191849282743,0.008018707359717225,20
confirmation,0.75,0.5,J,ridge,M,0.09743215435704597,0.013096417602457848,20
confirmation,0.75,0.5,J,ridge,N,-0.019451106997590808,0.016182867801055188,20
confirmation,0.75,0.5,J,ridge,N_long_C1,0.0226972888107152,0.007691985805784614,20
confirmation,0.75,0.5,P,ols_raw,M,-0.004844018868491577,0.0045886097505010845,20
confirmation,0.75,0.5,P,ols_raw,N,0.08724767460103375,0.012180310190673586,20
confirmation,0.75,0.5,P,ols_raw,N_long_C1,-0.004255579477066259,0.0017253284335540546,20
confirmation,0.75,0.5,P,ols_std,M,-0.0048440188684915775,0.004588609750501091,20
confirmation,0.75,0.5,P,ols_std,N,0.08724767460103373,0.01218031019067361,20
confirmation,0.75,0.5,P,ols_std,N_long_C1,-0.004255579477066255,0.0017253284335540591,20
confirmation,0.75,0.5,P,ridge,M,-0.0048431435269714294,0.0045887568994041755,20
confirmation,0.75,0.5,P,ridge,N,0.08725019753762987,0.012177185114703778,20
confirmation,0.75,0.5,P,ridge,N_long_C1,-0.004254181245732839,0.001724588440489114,20
confirmation,0.75,0.5,R,ols_raw,M,0.44420251986540354,0.022896814764315085,20
confirmation,0.75,0.5,R,ols_raw,N,-0.010826693644623544,0.005524807822111531,20
confirmation,0.75,0.5,R,ols_raw,N_long_C1,-0.01162917564169862,0.0037257666312185862,20
confirmation,0.75,0.5,R,ols_std,M,0.44420251986540366,0.022896814764314984,20
confirmation,0.75,0.5,R,ols_std,N,-0.010826693644623516,0.005524807822111494,20
confirmation,0.75,0.5,R,ols_std,N_long_C1,-0.011629175641698644,0.0037257666312187606,20
confirmation,0.75,0.5,R,ridge,M,0.42511365476073043,0.021909785663771435,20
confirmation,0.75,0.5,R,ridge,N,-0.008553846060050416,0.005082005136852607,20
confirmation,0.75,0.5,R,ridge,N_long_C1,-0.00906529925476188,0.0031789027743186022,20
confirmation,0.75,0.75,ALL,ols_std,M,0.438863880295908,0.02345433025500548,20
confirmation,0.75,0.75,ALL,ols_std,N,0.16883993865930153,0.01310070130388667,20
confirmation,0.75,0.75,ALL,ols_std,N_long_C1,0.08301046198547676,0.01080180021141589,20
confirmation,0.75,0.75,ALL,ridge,M,0.42225939662634165,0.022509822143090746,20
confirmation,0.75,0.75,ALL,ridge,N,0.17310181810062783,0.01325112919375405,20
confirmation,0.75,0.75,ALL,ridge,N_long_C1,0.07877526748792699,0.010766381790845115,20
confirmation,0.75,0.75,CLS,ols_std,M,0.17364815461033187,0.013272856030821114,20
confirmation,0.75,0.75,CLS,ols_std,N,-0.03383894897669607,0.029659001599815337,20
confirmation,0.75,0.75,CLS,ols_std,N_long_C1,0.0449180372049247,0.009732739751498508,20
confirmation,0.75,0.75,CLS,ridge,M,0.16565952670778186,0.013592344477750096,20
confirmation,0.75,0.75,CLS,ridge,N,-0.02855382123286706,0.028221248596186764,20
confirmation,0.75,0.75,CLS,ridge,N_long_C1,0.044819037762035586,0.009341444044799353,20
confirmation,0.75,0.75,J,ols_raw,M,0.17364815461033195,0.013272856030820767,20
confirmation,0.75,0.75,J,ols_raw,N,-0.033838948976695996,0.02965900159981571,20
confirmation,0.75,0.75,J,ols_raw,N_long_C1,0.04491803720492466,0.009732739751498442,20
confirmation,0.75,0.75,J,ols_std,M,0.17364815461033187,0.013272856030821114,20
confirmation,0.75,0.75,J,ols_std,N,-0.03383894897669607,0.029659001599815337,20
confirmation,0.75,0.75,J,ols_std,N_long_C1,0.0449180372049247,0.009732739751498508,20
confirmation,0.75,0.75,J,ridge,M,0.16565952670778186,0.013592344477750096,20
confirmation,0.75,0.75,J,ridge,N,-0.02855382123286706,0.028221248596186764,20
confirmation,0.75,0.75,J,ridge,N_long_C1,0.044819037762035586,0.009341444044799353,20
confirmation,0.75,0.75,P,ols_raw,M,-0.004850864678850873,0.004667608056343257,20
confirmation,0.75,0.75,P,ols_raw,N,0.18196148568445691,0.008283154874006503,20
confirmation,0.75,0.75,P,ols_raw,N_long_C1,-0.004327718025918578,0.0017405442358883294,20
confirmation,0.75,0.75,P,ols_std,M,-0.004850864678850877,0.004667608056343256,20
confirmation,0.75,0.75,P,ols_std,N,0.18196148568445691,0.008283154874006512,20
confirmation,0.75,0.75,P,ols_std,N_long_C1,-0.004327718025918573,0.0017405442358883253,20
confirmation,0.75,0.75,P,ridge,M,-0.00485000697024816,0.004667680329771031,20
confirmation,0.75,0.75,P,ridge,N,0.1819631066018746,0.00828379318712186,20
confirmation,0.75,0.75,P,ridge,N_long_C1,-0.004326250853643206,0.0017397228239048872,20
confirmation,0.75,0.75,R,ols_raw,M,0.44420251986540354,0.022896814764315085,20
confirmation,0.75,0.75,R,ols_raw,N,-0.010826693644623544,0.005524807822111531,20
confirmation,0.75,0.75,R,ols_raw,N_long_C1,-0.01162917564169862,0.0037257666312185862,20
confirmation,0.75,0.75,R,ols_std,M,0.44420251986540366,0.022896814764314984,20
confirmation,0.75,0.75,R,ols_std,N,-0.010826693644623516,0.005524807822111494,20
confirmation,0.75,0.75,R,ols_std,N_long_C1,-0.011629175641698644,0.0037257666312187606,20
confirmation,0.75,0.75,R,ridge,M,0.42511365476073043,0.021909785663771435,20
confirmation,0.75,0.75,R,ridge,N,-0.008553846060050416,0.005082005136852607,20
confirmation,0.75,0.75,R,ridge,N_long_C1,-0.00906529925476188,0.0031789027743186022,20
confirmation,0.75,1.0,ALL,ols_std,M,0.4390130979541418,0.023572556059139327,20
confirmation,0.75,1.0,ALL,ols_std,N,0.26311407083048277,0.010376845207614694,20
confirmation,0.75,1.0,ALL,ols_std,N_long_C1,0.1385465090084571,0.013437935217434787,20
confirmation,0.75,1.0,ALL,ridge,M,0.4227770287478371,0.022457504161923086,20
confirmation,0.75,1.0,ALL,ridge,N,0.2672780993173278,0.009967509234593067,20
confirmation,0.75,1.0,ALL,ridge,N_long_C1,0.1278835146733658,0.01348931739218283,20
confirmation,0.75,1.0,CLS,ols_std,M,0.22050886359309688,0.015196414821317176,20
confirmation,0.75,1.0,CLS,ols_std,N,-0.0416212288429028,0.041914024024526486,20
confirmation,0.75,1.0,CLS,ols_std,N_long_C1,0.060280862707991746,0.011436403553301236,20
confirmation,0.75,1.0,CLS,ridge,M,0.21033027533914578,0.015501305785252495,20
confirmation,0.75,1.0,CLS,ridge,N,-0.036077486063283454,0.03959055608835848,20
confirmation,0.75,1.0,CLS,ridge,N_long_C1,0.05940212598944929,0.01082237652392459,20
confirmation,0.75,1.0,J,ols_raw,M,0.22050886359309702,0.0151964148213172,20
confirmation,0.75,1.0,J,ols_raw,N,-0.041621228842902605,0.041914024024526465,20
confirmation,0.75,1.0,J,ols_raw,N_long_C1,0.06028086270799195,0.011436403553301522,20
confirmation,0.75,1.0,J,ols_std,M,0.22050886359309688,0.015196414821317176,20
confirmation,0.75,1.0,J,ols_std,N,-0.0416212288429028,0.041914024024526486,20
confirmation,0.75,1.0,J,ols_std,N_long_C1,0.060280862707991746,0.011436403553301236,20
confirmation,0.75,1.0,J,ridge,M,0.21033027533914578,0.015501305785252495,20
confirmation,0.75,1.0,J,ridge,N,-0.036077486063283454,0.03959055608835848,20
confirmation,0.75,1.0,J,ridge,N_long_C1,0.05940212598944929,0.01082237652392459,20
confirmation,0.75,1.0,P,ols_raw,M,-0.004958131396337068,0.004839967219462666,20
confirmation,0.75,1.0,P,ols_raw,N,0.27550532327136057,0.00438308990368538,20
confirmation,0.75,1.0,P,ols_raw,N_long_C1,-0.004609966933653022,0.0016518731580459792,20
confirmation,0.75,1.0,P,ols_std,M,-0.004958131396337063,0.004839967219462663,20
confirmation,0.75,1.0,P,ols_std,N,0.27550532327136057,0.004383089903685377,20
confirmation,0.75,1.0,P,ols_std,N_long_C1,-0.004609966933653019,0.0016518731580459818,20
confirmation,0.75,1.0,P,ridge,M,-0.004957233212236735,0.004839906231437446,20
confirmation,0.75,1.0,P,ridge,N,0.27550581081363784,0.004381916729621966,20
confirmation,0.75,1.0,P,ridge,N_long_C1,-0.004608297930903636,0.0016511611412092203,20
confirmation,0.75,1.0,R,ols_raw,M,0.44420251986540354,0.022896814764315085,20
confirmation,0.75,1.0,R,ols_raw,N,-0.010826693644623544,0.005524807822111531,20
confirmation,0.75,1.0,R,ols_raw,N_long_C1,-0.01162917564169862,0.0037257666312185862,20
confirmation,0.75,1.0,R,ols_std,M,0.44420251986540366,0.022896814764314984,20
confirmation,0.75,1.0,R,ols_std,N,-0.010826693644623516,0.005524807822111494,20
confirmation,0.75,1.0,R,ols_std,N_long_C1,-0.011629175641698644,0.0037257666312187606,20
confirmation,0.75,1.0,R,ridge,M,0.42511365476073043,0.021909785663771435,20
confirmation,0.75,1.0,R,ridge,N,-0.008553846060050416,0.005082005136852607,20
confirmation,0.75,1.0,R,ridge,N_long_C1,-0.00906529925476188,0.0031789027743186022,20
confirmation,1.0,0.0,ALL,ols_std,M,0.5138968629527857,0.013948022488910024,20
confirmation,1.0,0.0,ALL,ols_std,N,-0.02327011127551638,0.011874367988855739,20
confirmation,1.0,0.0,ALL,ols_std,N_long_C1,-0.02718640200828954,0.007432716794052027,20
confirmation,1.0,0.0,ALL,ridge,M,0.5141881422323992,0.013936916749843004,20
confirmation,1.0,0.0,ALL,ridge,N,-0.02218261113635609,0.011638024665005228,20
confirmation,1.0,0.0,ALL,ridge,N_long_C1,-0.026129694438604655,0.0073586655208115435,20
confirmation,1.0,0.0,CLS,ols_std,M,-0.011695706869407019,0.007628148036368254,20
confirmation,1.0,0.0,CLS,ols_std,N,-0.013226669507966355,0.007303125723352229,20
confirmation,1.0,0.0,CLS,ols_std,N_long_C1,-0.016064250255557376,0.004207474077815075,20
confirmation,1.0,0.0,CLS,ridge,M,-0.01123114012355697,0.007618818118358946,20
confirmation,1.0,0.0,CLS,ridge,N,-0.012515394787877299,0.007034413123362654,20
confirmation,1.0,0.0,CLS,ridge,N_long_C1,-0.015406405905317944,0.00410857927199339,20
confirmation,1.0,0.0,J,ols_raw,M,-0.011695706869406998,0.007628148036368228,20
confirmation,1.0,0.0,J,ols_raw,N,-0.013226669507966377,0.007303125723352179,20
confirmation,1.0,0.0,J,ols_raw,N_long_C1,-0.016064250255557366,0.0042074740778150965,20
confirmation,1.0,0.0,J,ols_std,M,-0.011695706869407019,0.007628148036368254,20
confirmation,1.0,0.0,J,ols_std,N,-0.013226669507966355,0.007303125723352229,20
confirmation,1.0,0.0,J,ols_std,N_long_C1,-0.016064250255557376,0.004207474077815075,20
confirmation,1.0,0.0,J,ridge,M,-0.01123114012355697,0.007618818118358946,20
confirmation,1.0,0.0,J,ridge,N,-0.012515394787877299,0.007034413123362654,20
confirmation,1.0,0.0,J,ridge,N_long_C1,-0.015406405905317944,0.00410857927199339,20
confirmation,1.0,0.0,P,ols_raw,M,-0.005042577301742808,0.004659359900119149,20
confirmation,1.0,0.0,P,ols_raw,N,-0.004488553557524307,0.004460448605054177,20
confirmation,1.0,0.0,P,ols_raw,N_long_C1,-0.0046593711006549365,0.0019038895267329198,20
confirmation,1.0,0.0,P,ols_std,M,-0.005042577301742802,0.004659359900119148,20
confirmation,1.0,0.0,P,ols_std,N,-0.0044885535575242995,0.004460448605054176,20
confirmation,1.0,0.0,P,ols_std,N_long_C1,-0.004659371100654932,0.0019038895267329136,20
confirmation,1.0,0.0,P,ridge,M,-0.005041571836212641,0.004659540315283785,20
confirmation,1.0,0.0,P,ridge,N,-0.004486953557769897,0.004459032205050266,20
confirmation,1.0,0.0,P,ridge,N_long_C1,-0.004657740534155429,0.0019032831674657966,20
confirmation,1.0,0.0,R,ols_raw,M,0.5177077378309867,0.013652748656141904,20
confirmation,1.0,0.0,R,ols_raw,N,-0.011315567077138803,0.005258983988768814,20
confirmation,1.0,0.0,R,ols_raw,N_long_C1,-0.01169296196083765,0.004292581190163329,20
confirmation,1.0,0.0,R,ols_std,M,0.5177077378309869,0.013652748656141916,20
confirmation,1.0,0.0,R,ols_std,N,-0.011315567077138843,0.005258983988768773,20
confirmation,1.0,0.0,R,ols_std,N_long_C1,-0.011692961960837661,0.0042925811901633176,20
confirmation,1.0,0.0,R,ridge,M,0.517836108831904,0.013618832615136191,20
confirmation,1.0,0.0,R,ridge,N,-0.010875630580760468,0.0050409712782871485,20
confirmation,1.0,0.0,R,ridge,N_long_C1,-0.011330892806269156,0.004246480611609704,20
confirmation,1.0,0.25,ALL,ols_std,M,0.5137053185787293,0.014032957453195877,20
confirmation,1.0,0.25,ALL,ols_std,N,0.003198540124548812,0.013889433902133909,20
confirmation,1.0,0.25,ALL,ols_std,N_long_C1,-0.011227109764897564,0.009591619235795412,20
confirmation,1.0,0.25,ALL,ridge,M,0.514014461388303,0.014028184553924046,20
confirmation,1.0,0.25,ALL,ridge,N,0.0043170865760438675,0.013678818675134072,20
confirmation,1.0,0.25,ALL,ridge,N_long_C1,-0.010163302441967602,0.009488406656647765,20
confirmation,1.0,0.25,CLS,ols_std,M,0.03126855456850323,0.014790021085260703,20
confirmation,1.0,0.25,CLS,ols_std,N,-0.015221202500693472,0.007385447690054874,20
confirmation,1.0,0.25,CLS,ols_std,N_long_C1,-0.0025606735207438667,0.008040362563997127,20
confirmation,1.0,0.25,CLS,ridge,M,0.031583342209993544,0.014863577846883592,20
confirmation,1.0,0.25,CLS,ridge,N,-0.014465120074577184,0.007055648981874172,20
confirmation,1.0,0.25,CLS,ridge,N_long_C1,-0.0019328180683319041,0.008007741176122072,20
confirmation,1.0,0.25,J,ols_raw,M,0.031268554568503235,0.0147900210852607,20
confirmation,1.0,0.25,J,ols_raw,N,-0.015221202500693485,0.007385447690054863,20
confirmation,1.0,0.25,J,ols_raw,N_long_C1,-0.002560673520743851,0.008040362563997146,20
confirmation,1.0,0.25,J,ols_std,M,0.03126855456850323,0.014790021085260703,20
confirmation,1.0,0.25,J,ols_std,N,-0.015221202500693472,0.007385447690054874,20
confirmation,1.0,0.25,J,ols_std,N_long_C1,-0.0025606735207438667,0.008040362563997127,20
confirmation,1.0,0.25,J,ridge,M,0.031583342209993544,0.014863577846883592,20
confirmation,1.0,0.25,J,ridge,N,-0.014465120074577184,0.007055648981874172,20
confirmation,1.0,0.25,J,ridge,N_long_C1,-0.0019328180683319041,0.008007741176122072,20
confirmation,1.0,0.25,P,ols_raw,M,-0.004917794910258482,0.004585048699300149,20
confirmation,1.0,0.25,P,ols_raw,N,0.020246147117494322,0.009867779103002074,20
confirmation,1.0,0.25,P,ols_raw,N_long_C1,-0.004382822043963927,0.0016914906369468123,20
confirmation,1.0,0.25,P,ols_std,M,-0.004917794910258479,0.004585048699300143,20
confirmation,1.0,0.25,P,ols_std,N,0.02024614711749432,0.009867779103002076,20
confirmation,1.0,0.25,P,ols_std,N_long_C1,-0.004382822043963936,0.0016914906369468142,20
confirmation,1.0,0.25,P,ridge,M,-0.004916863798242432,0.004585238119263756,20
confirmation,1.0,0.25,P,ridge,N,0.020248623300730843,0.009863483812294153,20
confirmation,1.0,0.25,P,ridge,N_long_C1,-0.004381360942189992,0.0016909329654105707,20
confirmation,1.0,0.25,R,ols_raw,M,0.5177077378309867,0.013652748656141904,20
confirmation,1.0,0.25,R,ols_raw,N,-0.011315567077138803,0.005258983988768814,20
confirmation,1.0,0.25,R,ols_raw,N_long_C1,-0.01169296196083765,0.004292581190163329,20
confirmation,1.0,0.25,R,ols_std,M,0.5177077378309869,0.013652748656141916,20
confirmation,1.0,0.25,R,ols_std,N,-0.011315567077138843,0.005258983988768773,20
confirmation,1.0,0.25,R,ols_std,N_long_C1,-0.011692961960837661,0.0042925811901633176,20
confirmation,1.0,0.25,R,ridge,M,0.517836108831904,0.013618832615136191,20
confirmation,1.0,0.25,R,ridge,N,-0.010875630580760468,0.0050409712782871485,20
confirmation,1.0,0.25,R,ridge,N_long_C1,-0.011330892806269156,0.004246480611609704,20
confirmation,1.0,0.5,ALL,ols_std,M,0.513483537903892,0.01396671717123536,20
confirmation,1.0,0.5,ALL,ols_std,N,0.07301796394688725,0.015032306014394555,20
confirmation,1.0,0.5,ALL,ols_std,N_long_C1,0.035205808640810694,0.010347431768311158,20
confirmation,1.0,0.5,ALL,ridge,M,0.5138501306155681,0.013972186838707688,20
confirmation,1.0,0.5,ALL,ridge,N,0.07404062543663878,0.014954654895449672,20
confirmation,1.0,0.5,ALL,ridge,N_long_C1,0.036289245966914636,0.010291637500750152,20
confirmation,1.0,0.5,CLS,ols_std,M,0.1221779527626174,0.014366551165614017,20
confirmation,1.0,0.5,CLS,ols_std,N,-0.020800213610312833,0.012636893544872007,20
confirmation,1.0,0.5,CLS,ols_std,N_long_C1,0.027474346940946907,0.00929367441291071,20
confirmation,1.0,0.5,CLS,ridge,M,0.12240413617676807,0.014494304694776477,20
confirmation,1.0,0.5,CLS,ridge,N,-0.019993608921763696,0.012605417183527055,20
confirmation,1.0,0.5,CLS,ridge,N_long_C1,0.028121737573048665,0.009276547111709927,20
confirmation,1.0,0.5,J,ols_raw,M,0.1221779527626174,0.014366551165614019,20
confirmation,1.0,0.5,J,ols_raw,N,-0.02080021361031285,0.012636893544871998,20
confirmation,1.0,0.5,J,ols_raw,N_long_C1,0.027474346940946897,0.009293674412910714,20
confirmation,1.0,0.5,J,ols_std,M,0.1221779527626174,0.014366551165614017,20
confirmation,1.0,0.5,J,ols_std,N,-0.020800213610312833,0.012636893544872007,20
confirmation,1.0,0.5,J,ols_std,N_long_C1,0.027474346940946907,0.00929367441291071,20
confirmation,1.0,0.5,J,ridge,M,0.12240413617676807,0.014494304694776477,20
confirmation,1.0,0.5,J,ridge,N,-0.019993608921763696,0.012605417183527055,20
confirmation,1.0,0.5,J,ridge,N_long_C1,0.028121737573048665,0.009276547111709927,20
confirmation,1.0,0.5,P,ols_raw,M,-0.004844018868491577,0.0045886097505010845,20
confirmation,1.0,0.5,P,ols_raw,N,0.08724767460103375,0.012180310190673586,20
confirmation,1.0,0.5,P,ols_raw,N_long_C1,-0.004255579477066259,0.0017253284335540546,20
confirmation,1.0,0.5,P,ols_std,M,-0.0048440188684915775,0.004588609750501091,20
confirmation,1.0,0.5,P,ols_std,N,0.08724767460103373,0.01218031019067361,20
confirmation,1.0,0.5,P,ols_std,N_long_C1,-0.004255579477066255,0.0017253284335540591,20
confirmation,1.0,0.5,P,ridge,M,-0.0048431435269714294,0.0045887568994041755,20
confirmation,1.0,0.5,P,ridge,N,0.08725019753762987,0.012177185114703778,20
confirmation,1.0,0.5,P,ridge,N_long_C1,-0.004254181245732839,0.001724588440489114,20
confirmation,1.0,0.5,R,ols_raw,M,0.5177077378309867,0.013652748656141904,20
confirmation,1.0,0.5,R,ols_raw,N,-0.011315567077138803,0.005258983988768814,20
confirmation,1.0,0.5,R,ols_raw,N_long_C1,-0.01169296196083765,0.004292581190163329,20
confirmation,1.0,0.5,R,ols_std,M,0.5177077378309869,0.013652748656141916,20
confirmation,1.0,0.5,R,ols_std,N,-0.011315567077138843,0.005258983988768773,20
confirmation,1.0,0.5,R,ols_std,N_long_C1,-0.011692961960837661,0.0042925811901633176,20
confirmation,1.0,0.5,R,ridge,M,0.517836108831904,0.013618832615136191,20
confirmation,1.0,0.5,R,ridge,N,-0.010875630580760468,0.0050409712782871485,20
confirmation,1.0,0.5,R,ridge,N_long_C1,-0.011330892806269156,0.004246480611609704,20
confirmation,1.0,0.75,ALL,ols_std,M,0.5133412414240609,0.013726536005739665,20
confirmation,1.0,0.75,ALL,ols_std,N,0.1694320096327136,0.011623581933590841,20
confirmation,1.0,0.75,ALL,ols_std,N_long_C1,0.10069353712450475,0.007905767694087016,20
confirmation,1.0,0.75,ALL,ridge,M,0.5137989768901761,0.0137407714792985,20
confirmation,1.0,0.75,ALL,ridge,N,0.17032086203019997,0.011705907270072403,20
confirmation,1.0,0.75,ALL,ridge,N_long_C1,0.10187862540244512,0.007854374082443953,20
confirmation,1.0,0.75,CLS,ols_std,M,0.20492043908027133,0.012108811213418362,20
confirmation,1.0,0.75,CLS,ols_std,N,-0.028303161203721873,0.02457504660890543,20
confirmation,1.0,0.75,CLS,ols_std,N_long_C1,0.054912901356604336,0.00984240446942353,20
confirmation,1.0,0.75,CLS,ridge,M,0.20518917144303694,0.012241484131664303,20
confirmation,1.0,0.75,CLS,ridge,N,-0.02744187769321334,0.024626499135494372,20
confirmation,1.0,0.75,CLS,ridge,N_long_C1,0.05560229463600097,0.009786800585815847,20
confirmation,1.0,0.75,J,ols_raw,M,0.20492043908027133,0.012108811213418353,20
confirmation,1.0,0.75,J,ols_raw,N,-0.02830316120372183,0.02457504660890547,20
confirmation,1.0,0.75,J,ols_raw,N_long_C1,0.054912901356604336,0.009842404469423551,20
confirmation,1.0,0.75,J,ols_std,M,0.20492043908027133,0.012108811213418362,20
confirmation,1.0,0.75,J,ols_std,N,-0.028303161203721873,0.02457504660890543,20
confirmation,1.0,0.75,J,ols_std,N_long_C1,0.054912901356604336,0.00984240446942353,20
confirmation,1.0,0.75,J,ridge,M,0.20518917144303694,0.012241484131664303,20
confirmation,1.0,0.75,J,ridge,N,-0.02744187769321334,0.024626499135494372,20
confirmation,1.0,0.75,J,ridge,N_long_C1,0.05560229463600097,0.009786800585815847,20
confirmation,1.0,0.75,P,ols_raw,M,-0.004850864678850873,0.004667608056343257,20
confirmation,1.0,0.75,P,ols_raw,N,0.18196148568445691,0.008283154874006503,20
confirmation,1.0,0.75,P,ols_raw,N_long_C1,-0.004327718025918578,0.0017405442358883294,20
confirmation,1.0,0.75,P,ols_std,M,-0.004850864678850877,0.004667608056343256,20
confirmation,1.0,0.75,P,ols_std,N,0.18196148568445691,0.008283154874006512,20
confirmation,1.0,0.75,P,ols_std,N_long_C1,-0.004327718025918573,0.0017405442358883253,20
confirmation,1.0,0.75,P,ridge,M,-0.00485000697024816,0.004667680329771031,20
confirmation,1.0,0.75,P,ridge,N,0.1819631066018746,0.00828379318712186,20
confirmation,1.0,0.75,P,ridge,N_long_C1,-0.004326250853643206,0.0017397228239048872,20
confirmation,1.0,0.75,R,ols_raw,M,0.5177077378309867,0.013652748656141904,20
confirmation,1.0,0.75,R,ols_raw,N,-0.011315567077138803,0.005258983988768814,20
confirmation,1.0,0.75,R,ols_raw,N_long_C1,-0.01169296196083765,0.004292581190163329,20
confirmation,1.0,0.75,R,ols_std,M,0.5177077378309869,0.013652748656141916,20
confirmation,1.0,0.75,R,ols_std,N,-0.011315567077138843,0.005258983988768773,20
confirmation,1.0,0.75,R,ols_std,N_long_C1,-0.011692961960837661,0.0042925811901633176,20
confirmation,1.0,0.75,R,ridge,M,0.517836108831904,0.013618832615136191,20
confirmation,1.0,0.75,R,ridge,N,-0.010875630580760468,0.0050409712782871485,20
confirmation,1.0,0.75,R,ridge,N_long_C1,-0.011330892806269156,0.004246480611609704,20
confirmation,1.0,1.0,ALL,ols_std,M,0.51342465111654,0.013414992893715331,20
confirmation,1.0,1.0,ALL,ols_std,N,0.263333131162605,0.009965508740856518,20
confirmation,1.0,1.0,ALL,ols_std,N_long_C1,0.16515036516179932,0.007986993606063355,20
confirmation,1.0,1.0,ALL,ridge,M,0.5139615982118402,0.013438444662070066,20
confirmation,1.0,1.0,ALL,ridge,N,0.264167100920205,0.009972178240177692,20
confirmation,1.0,1.0,ALL,ridge,N_long_C1,0.16644094963709305,0.007732116269229498,20
confirmation,1.0,1.0,CLS,ols_std,M,0.2587217331689709,0.012603215675075725,20
confirmation,1.0,1.0,CLS,ols_std,N,-0.03501005586225028,0.03754643238439364,20
confirmation,1.0,1.0,CLS,ols_std,N_long_C1,0.07303224777006857,0.010746502231733443,20
confirmation,1.0,1.0,CLS,ridge,M,0.25898570655456454,0.012689186410060133,20
confirmation,1.0,1.0,CLS,ridge,N,-0.034124248409323696,0.037600896175376895,20
confirmation,1.0,1.0,CLS,ridge,N_long_C1,0.07371802551652616,0.010689921376039926,20
confirmation,1.0,1.0,J,ols_raw,M,0.2587217331689709,0.012603215675075724,20
confirmation,1.0,1.0,J,ols_raw,N,-0.0350100558622502,0.037546432384393584,20
confirmation,1.0,1.0,J,ols_raw,N_long_C1,0.07303224777006859,0.010746502231733469,20
confirmation,1.0,1.0,J,ols_std,M,0.2587217331689709,0.012603215675075725,20
confirmation,1.0,1.0,J,ols_std,N,-0.03501005586225028,0.03754643238439364,20
confirmation,1.0,1.0,J,ols_std,N_long_C1,0.07303224777006857,0.010746502231733443,20
confirmation,1.0,1.0,J,ridge,M,0.25898570655456454,0.012689186410060133,20
confirmation,1.0,1.0,J,ridge,N,-0.034124248409323696,0.037600896175376895,20
confirmation,1.0,1.0,J,ridge,N_long_C1,0.07371802551652616,0.010689921376039926,20
confirmation,1.0,1.0,P,ols_raw,M,-0.004958131396337068,0.004839967219462666,20
confirmation,1.0,1.0,P,ols_raw,N,0.27550532327136057,0.00438308990368538,20
confirmation,1.0,1.0,P,ols_raw,N_long_C1,-0.004609966933653022,0.0016518731580459792,20
confirmation,1.0,1.0,P,ols_std,M,-0.004958131396337063,0.004839967219462663,20
confirmation,1.0,1.0,P,ols_std,N,0.27550532327136057,0.004383089903685377,20
confirmation,1.0,1.0,P,ols_std,N_long_C1,-0.004609966933653019,0.0016518731580459818,20
confirmation,1.0,1.0,P,ridge,M,-0.004957233212236735,0.004839906231437446,20
confirmation,1.0,1.0,P,ridge,N,0.27550581081363784,0.004381916729621966,20
confirmation,1.0,1.0,P,ridge,N_long_C1,-0.004608297930903636,0.0016511611412092203,20
confirmation,1.0,1.0,R,ols_raw,M,0.5177077378309867,0.013652748656141904,20
confirmation,1.0,1.0,R,ols_raw,N,-0.011315567077138803,0.005258983988768814,20
confirmation,1.0,1.0,R,ols_raw,N_long_C1,-0.01169296196083765,0.004292581190163329,20
confirmation,1.0,1.0,R,ols_std,M,0.5177077378309869,0.013652748656141916,20
confirmation,1.0,1.0,R,ols_std,N,-0.011315567077138843,0.005258983988768773,20
confirmation,1.0,1.0,R,ols_std,N_long_C1,-0.011692961960837661,0.0042925811901633176,20
confirmation,1.0,1.0,R,ridge,M,0.517836108831904,0.013618832615136191,20
confirmation,1.0,1.0,R,ridge,N,-0.010875630580760468,0.0050409712782871485,20
confirmation,1.0,1.0,R,ridge,N_long_C1,-0.011330892806269156,0.004246480611609704,20
