bank,m,g,readout,method,metric,mean,sd,n_seeds
development,0.0,0.0,ALL,ols_std,M,-0.0031886728769656716,0.003665611664629624,10
development,0.0,0.0,ALL,ols_std,N,0.33059502887822423,0.003876877603337862,10
development,0.0,0.0,ALL,ols_std,N_long_C1,-0.007091413964609369,0.005949958523843076,10
development,0.0,0.0,ALL,ridge,M,-0.0031885899641460255,0.0036655832559706757,10
development,0.0,0.0,ALL,ridge,N,0.3305951929467664,0.0038766848059162955,10
development,0.0,0.0,ALL,ridge,N_long_C1,-0.007091105605073214,0.005949712931275984,10
development,0.0,0.0,CLS,ols_std,M,-0.003188672876964717,0.0036656116646283945,10
development,0.0,0.0,CLS,ols_std,N,0.330595028878224,0.0038768776033372056,10
development,0.0,0.0,CLS,ols_std,N_long_C1,-0.007091413964609601,0.005949958523843505,10
development,0.0,0.0,CLS,ridge,M,-0.0031886203894836243,0.0036655983397957423,10
development,0.0,0.0,CLS,ridge,N,0.33059511736721203,0.0038767782912001885,10
development,0.0,0.0,CLS,ridge,N_long_C1,-0.007091227272599315,0.005949825119835488,10
development,0.0,0.0,J,ols_raw,M,-0.0031886728769647313,0.0036656116646283854,10
development,0.0,0.0,J,ols_raw,N,0.330595028878224,0.003876877603337182,10
development,0.0,0.0,J,ols_raw,N_long_C1,-0.007091413964609579,0.0059499585238435015,10
development,0.0,0.0,J,ols_std,M,-0.0031886728769647253,0.0036656116646283845,10
development,0.0,0.0,J,ols_std,N,0.330595028878224,0.0038768776033371974,10
development,0.0,0.0,J,ols_std,N_long_C1,-0.007091413964609569,0.005949958523843502,10
development,0.0,0.0,J,ridge,M,-0.003188574094926741,0.0036655832246859925,10
development,0.0,0.0,J,ridge,N,0.33059521975397654,0.00387665352204928,10
development,0.0,0.0,J,ridge,N_long_C1,-0.0070910656875388615,0.005949678551049751,10
development,0.0,0.0,P,ols_raw,M,-0.002920768685716029,0.003042713841709376,10
development,0.0,0.0,P,ols_raw,N,-0.0024833270677342865,0.002903028521689363,10
development,0.0,0.0,P,ols_raw,N_long_C1,-0.004483465584648341,0.0034322138743281085,10
development,0.0,0.0,P,ols_std,M,-0.0029207686857160324,0.0030427138417093796,10
development,0.0,0.0,P,ols_std,N,-0.0024833270677342496,0.002903028521689373,10
development,0.0,0.0,P,ols_std,N_long_C1,-0.00448346558464833,0.003432213874328122,10
development,0.0,0.0,P,ridge,M,-0.0029206863054240155,0.0030426890936963813,10
development,0.0,0.0,P,ridge,N,-0.002483258789003662,0.0029029365605964708,10
development,0.0,0.0,P,ridge,N_long_C1,-0.004483312916441285,0.003432110954742635,10
development,0.0,0.0,R,ols_raw,M,-0.002920768685716067,0.0030427138417092234,10
development,0.0,0.0,R,ols_raw,N,-0.0024833270677341868,0.0029030285216892406,10
development,0.0,0.0,R,ols_raw,N_long_C1,-0.004483465584648413,0.003432213874328252,10
development,0.0,0.0,R,ols_std,M,-0.0029207686857192043,0.0030427138417147936,10
development,0.0,0.0,R,ols_std,N,-0.0024833270677326177,0.0029030285216884054,10
development,0.0,0.0,R,ols_std,N_long_C1,-0.004483465584647425,0.003432213874327296,10
development,0.0,0.0,R,ridge,M,-0.0029206274688382545,0.0030426714179880776,10
development,0.0,0.0,R,ridge,N,-0.002483210023835632,0.0029028708799751523,10
development,0.0,0.0,R,ridge,N_long_C1,-0.004483203879995642,0.0034320374470827226,10
development,0.0,0.25,ALL,ols_std,M,-0.006352324218250412,0.003964092033340799,10
development,0.0,0.25,ALL,ols_std,N,1.0,0.0,10
development,0.0,0.25,ALL,ols_std,N_long_C1,-0.013947096909111972,0.01221812795868214,10
development,0.0,0.25,ALL,ridge,M,-0.005400708354375783,0.004127466004229036,10
development,0.0,0.25,ALL,ridge,N,0.9954158999695359,0.003560282058646587,10
development,0.0,0.25,ALL,ridge,N_long_C1,-0.011982366975446837,0.011006615906905989,10
development,0.0,0.25,CLS,ols_std,M,-0.006352324218384442,0.003964092033519944,10
development,0.0,0.25,CLS,ols_std,N,1.0,0.0,10
development,0.0,0.25,CLS,ols_std,N_long_C1,-0.013947096909144408,0.012218127958698125,10
development,0.0,0.25,CLS,ridge,M,-0.00547018198183989,0.004081984076085477,10
development,0.0,0.25,CLS,ridge,N,0.996932204449276,0.0028825425434750225,10
development,0.0,0.25,CLS,ridge,N_long_C1,-0.012165308198823924,0.011126424663978082,10
development,0.0,0.25,J,ols_raw,M,-0.006352324218384395,0.003964092033519956,10
development,0.0,0.25,J,ols_raw,N,1.0,0.0,10
development,0.0,0.25,J,ols_raw,N_long_C1,-0.013947096909144256,0.012218127958698099,10
development,0.0,0.25,J,ols_std,M,-0.006352324218384492,0.0039640920335200355,10
development,0.0,0.25,J,ols_std,N,1.0,0.0,10
development,0.0,0.25,J,ols_std,N_long_C1,-0.013947096909144242,0.012218127958698,10
development,0.0,0.25,J,ridge,M,-0.005323381333370863,0.0041312080443636654,10
development,0.0,0.25,J,ridge,N,0.9930653012883855,0.004899010113832825,10
development,0.0,0.25,J,ridge,N_long_C1,-0.01185778256036806,0.010941984104824871,10
development,0.0,0.25,P,ols_raw,M,-0.005585643332244721,0.00413096900978349,10
development,0.0,0.25,P,ols_raw,N,1.0,0.0,10
development,0.0,0.25,P,ols_raw,N_long_C1,-0.011866542031255933,0.010851553607435567,10
development,0.0,0.25,P,ols_std,M,-0.005585643332244719,0.00413096900978354,10
development,0.0,0.25,P,ols_std,N,1.0,0.0,10
development,0.0,0.25,P,ols_std,N_long_C1,-0.011866542031255924,0.010851553607435683,10
development,0.0,0.25,P,ridge,M,-0.0037430947564411196,0.003687624145426265,10
development,0.0,0.25,P,ridge,N,0.7161256932276305,0.09877838179886249,10
development,0.0,0.25,P,ridge,N_long_C1,-0.008528569408045649,0.007752853057832795,10
development,0.0,0.25,R,ols_raw,M,-0.002920768685716067,0.0030427138417092234,10
development,0.0,0.25,R,ols_raw,N,-0.0024833270677341868,0.0029030285216892406,10
development,0.0,0.25,R,ols_raw,N_long_C1,-0.004483465584648413,0.003432213874328252,10
development,0.0,0.25,R,ols_std,M,-0.0029207686857192043,0.0030427138417147936,10
development,0.0,0.25,R,ols_std,N,-0.0024833270677326177,0.0029030285216884054,10
development,0.0,0.25,R,ols_std,N_long_C1,-0.004483465584647425,0.003432213874327296,10
development,0.0,0.25,R,ridge,M,-0.0029206274688382545,0.0030426714179880776,10
development,0.0,0.25,R,ridge,N,-0.002483210023835632,0.0029028708799751523,10
development,0.0,0.25,R,ridge,N_long_C1,-0.004483203879995642,0.0034320374470827226,10
development,0.0,0.5,ALL,ols_std,M,-0.006352324218292196,0.0039640920334080496,10
development,0.0,0.5,ALL,ols_std,N,1.0,0.0,10
development,0.0,0.5,ALL,ols_std,N_long_C1,-0.013947096909132789,0.012218127958692546,10
development,0.0,0.5,ALL,ridge,M,-0.005711644658866994,0.00405909141179712,10
development,0.0,0.5,ALL,ridge,N,0.9992096265204958,0.0003578454854894367,10
development,0.0,0.5,ALL,ridge,N_long_C1,-0.012653994425640516,0.01147371531489732,10
development,0.0,0.5,CLS,ols_std,M,-0.006352324218384461,0.003964092033520017,10
development,0.0,0.5,CLS,ols_std,N,1.0,0.0,10
development,0.0,0.5,CLS,ols_std,N_long_C1,-0.013947096909144368,0.012218127958698054,10
development,0.0,0.5,CLS,ridge,M,-0.0058430167748498695,0.004026886069568859,10
development,0.0,0.5,CLS,ridge,N,0.999596335452144,0.0002528245768643165,10
development,0.0,0.5,CLS,ridge,N_long_C1,-0.012947884295870285,0.01166005708844116,10
development,0.0,0.5,J,ols_raw,M,-0.00635232421838443,0.0039640920335199765,10
development,0.0,0.5,J,ols_raw,N,1.0,0.0,10
development,0.0,0.5,J,ols_raw,N_long_C1,-0.013947096909144363,0.012218127958698113,10
development,0.0,0.5,J,ols_std,M,-0.00635232421838452,0.003964092033520014,10
development,0.0,0.5,J,ols_std,N,1.0,0.0,10
development,0.0,0.5,J,ols_std,N_long_C1,-0.013947096909144297,0.012218127958697903,10
development,0.0,0.5,J,ridge,M,-0.005656016697844722,0.004063845350014685,10
development,0.0,0.5,J,ridge,N,0.9988466099427022,0.00047741921576292947,10
development,0.0,0.5,J,ridge,N_long_C1,-0.012545145998239693,0.011413141886408793,10
development,0.0,0.5,P,ols_raw,M,-0.00558564333224462,0.004130969009783608,10
development,0.0,0.5,P,ols_raw,N,1.0,0.0,10
development,0.0,0.5,P,ols_raw,N_long_C1,-0.011866542031255886,0.010851553607435574,10
development,0.0,0.5,P,ols_std,M,-0.00558564333224462,0.004130969009783571,10
development,0.0,0.5,P,ols_std,N,1.0,0.0,10
development,0.0,0.5,P,ols_std,N_long_C1,-0.01186654203125583,0.010851553607435624,10
development,0.0,0.5,P,ridge,M,-0.004528938630338158,0.004090979250769754,10
development,0.0,0.5,P,ridge,N,0.9090488697717051,0.05327927122061055,10
development,0.0,0.5,P,ridge,N_long_C1,-0.010313426644802944,0.009833388129781115,10
development,0.0,0.5,R,ols_raw,M,-0.002920768685716067,0.0030427138417092234,10
development,0.0,0.5,R,ols_raw,N,-0.0024833270677341868,0.0029030285216892406,10
development,0.0,0.5,R,ols_raw,N_long_C1,-0.004483465584648413,0.003432213874328252,10
development,0.0,0.5,R,ols_std,M,-0.0029207686857192043,0.0030427138417147936,10
development,0.0,0.5,R,ols_std,N,-0.0024833270677326177,0.0029030285216884054,10
development,0.0,0.5,R,ols_std,N_long_C1,-0.004483465584647425,0.003432213874327296,10
development,0.0,0.5,R,ridge,M,-0.0029206274688382545,0.0030426714179880776,10
development,0.0,0.5,R,ridge,N,-0.002483210023835632,0.0029028708799751523,10
development,0.0,0.5,R,ridge,N_long_C1,-0.004483203879995642,0.0034320374470827226,10
development,0.0,0.75,ALL,ols_std,M,-0.00635232421832041,0.003964092033440988,10
development,0.0,0.75,ALL,ols_std,N,1.0,0.0,10
development,0.0,0.75,ALL,ols_std,N_long_C1,-0.013947096909142734,0.012218127958696279,10
development,0.0,0.75,ALL,ridge,M,-0.006025554219931641,0.004022883043158524,10
development,0.0,0.75,ALL,ridge,N,0.9998825235823062,6.025872310408247e-05,10
development,0.0,0.75,ALL,ridge,N_long_C1,-0.013274575522426644,0.011868917853964737,10
development,0.0,0.75,CLS,ols_std,M,-0.006352324218384493,0.003964092033519949,10
development,0.0,0.75,CLS,ols_std,N,1.0,0.0,10
development,0.0,0.75,CLS,ols_std,N_long_C1,-0.013947096909144344,0.012218127958698054,10
development,0.0,0.75,CLS,ridge,M,-0.006126385256053487,0.003998248803352545,10
development,0.0,0.75,CLS,ridge,N,0.9999482821659822,3.342075938966608e-05,10
development,0.0,0.75,CLS,ridge,N_long_C1,-0.013493521137137287,0.011987880670255984,10
development,0.0,0.75,J,ols_raw,M,-0.00635232421838446,0.003964092033520035,10
development,0.0,0.75,J,ols_raw,N,1.0,0.0,10
development,0.0,0.75,J,ols_raw,N_long_C1,-0.01394709690914434,0.012218127958697984,10
development,0.0,0.75,J,ols_std,M,-0.006352324218384506,0.0039640920335200095,10
development,0.0,0.75,J,ols_std,N,1.0,0.0,10
development,0.0,0.75,J,ols_std,N_long_C1,-0.013947096909144386,0.01221812795869805,10
development,0.0,0.75,J,ridge,M,-0.0059843466268572594,0.0040266528753528106,10
development,0.0,0.75,J,ridge,N,0.999820374536798,9.79206654677007e-05,10
development,0.0,0.75,J,ridge,N_long_C1,-0.013196650821741384,0.011821051522872801,10
development,0.0,0.75,P,ols_raw,M,-0.0055856433322446246,0.004130969009783505,10
development,0.0,0.75,P,ols_raw,N,1.0,0.0,10
development,0.0,0.75,P,ols_raw,N_long_C1,-0.011866542031255907,0.010851553607435591,10
development,0.0,0.75,P,ols_std,M,-0.005585643332244658,0.004130969009783536,10
development,0.0,0.75,P,ols_std,N,1.0,0.0,10
development,0.0,0.75,P,ols_std,N_long_C1,-0.011866542031255927,0.010851553607435583,10
development,0.0,0.75,P,ridge,M,-0.00500256220349899,0.0041871745373670876,10
development,0.0,0.75,P,ridge,N,0.9687302954825245,0.030008769808618205,10
development,0.0,0.75,P,ridge,N_long_C1,-0.010984687938700315,0.010413025052564119,10
development,0.0,0.75,R,ols_raw,M,-0.002920768685716067,0.0030427138417092234,10
development,0.0,0.75,R,ols_raw,N,-0.0024833270677341868,0.0029030285216892406,10
development,0.0,0.75,R,ols_raw,N_long_C1,-0.004483465584648413,0.003432213874328252,10
development,0.0,0.75,R,ols_std,M,-0.0029207686857192043,0.0030427138417147936,10
development,0.0,0.75,R,ols_std,N,-0.0024833270677326177,0.0029030285216884054,10
development,0.0,0.75,R,ols_std,N_long_C1,-0.004483465584647425,0.003432213874327296,10
development,0.0,0.75,R,ridge,M,-0.0029206274688382545,0.0030426714179880776,10
development,0.0,0.75,R,ridge,N,-0.002483210023835632,0.0029028708799751523,10
development,0.0,0.75,R,ridge,N_long_C1,-0.004483203879995642,0.0034320374470827226,10
development,0.0,1.0,ALL,ols_std,M,-0.006352324218347756,0.003964092033474234,10
development,0.0,1.0,ALL,ols_std,N,1.0,0.0,10
development,0.0,1.0,ALL,ols_std,N_long_C1,-0.013947096909148207,0.012218127958699159,10
development,0.0,1.0,ALL,ridge,M,-0.006225656215319893,0.003988269966027899,10
development,0.0,1.0,ALL,ridge,N,0.9999862725931216,1.1062940199160668e-05,10
development,0.0,1.0,ALL,ridge,N_long_C1,-0.013658714893162154,0.012066414203810152,10
development,0.0,1.0,CLS,ols_std,M,-0.006352324218384523,0.003964092033519958,10
development,0.0,1.0,CLS,ols_std,N,1.0,0.0,10
development,0.0,1.0,CLS,ols_std,N_long_C1,-0.013947096909144316,0.012218127958698003,10
development,0.0,1.0,CLS,ridge,M,-0.00627243665629351,0.003975645093474957,10
development,0.0,1.0,CLS,ridge,N,0.9999946799353893,4.799058797578979e-06,10
development,0.0,1.0,CLS,ridge,N_long_C1,-0.013767380543947183,0.012123807413722163,10
development,0.0,1.0,J,ols_raw,M,-0.006352324218384478,0.003964092033520008,10
development,0.0,1.0,J,ols_raw,N,1.0,0.0,10
development,0.0,1.0,J,ols_raw,N_long_C1,-0.013947096909144313,0.012218127958698,10
development,0.0,1.0,J,ols_std,M,-0.006352324218384477,0.0039640920335200095,10
development,0.0,1.0,J,ols_std,N,1.0,0.0,10
development,0.0,1.0,J,ols_std,N_long_C1,-0.01394709690914429,0.012218127958697965,10
development,0.0,1.0,J,ridge,M,-0.0062099587559334025,0.003992558219290802,10
development,0.0,1.0,J,ridge,N,0.9999792894520134,1.5836427779128298e-05,10
development,0.0,1.0,J,ridge,N_long_C1,-0.013627835946578376,0.012049297536978934,10
development,0.0,1.0,P,ols_raw,M,-0.005585643332244717,0.00413096900978346,10
development,0.0,1.0,P,ols_raw,N,1.0,0.0,10
development,0.0,1.0,P,ols_raw,N_long_C1,-0.011866542031255903,0.01085155360743561,10
development,0.0,1.0,P,ols_std,M,-0.005585643332244681,0.0041309690097835,10
development,0.0,1.0,P,ols_std,N,1.0,0.0,10
development,0.0,1.0,P,ols_std,N_long_C1,-0.01186654203125594,0.010851553607435638,10
development,0.0,1.0,P,ridge,M,-0.005267844364199562,0.004173854218311354,10
development,0.0,1.0,P,ridge,N,0.9874238165445407,0.018175654187441676,10
development,0.0,1.0,P,ridge,N_long_C1,-0.011310969917015083,0.010643210684455597,10
development,0.0,1.0,R,ols_raw,M,-0.002920768685716067,0.0030427138417092234,10
development,0.0,1.0,R,ols_raw,N,-0.0024833270677341868,0.0029030285216892406,10
development,0.0,1.0,R,ols_raw,N_long_C1,-0.004483465584648413,0.003432213874328252,10
development,0.0,1.0,R,ols_std,M,-0.0029207686857192043,0.0030427138417147936,10
development,0.0,1.0,R,ols_std,N,-0.0024833270677326177,0.0029030285216884054,10
development,0.0,1.0,R,ols_std,N_long_C1,-0.004483465584647425,0.003432213874327296,10
development,0.0,1.0,R,ridge,M,-0.0029206274688382545,0.0030426714179880776,10
development,0.0,1.0,R,ridge,N,-0.002483210023835632,0.0029028708799751523,10
development,0.0,1.0,R,ridge,N_long_C1,-0.004483203879995642,0.0034320374470827226,10
development,0.25,0.0,ALL,ols_std,M,0.44331930620667004,0.035986357316710564,10
development,0.25,0.0,ALL,ols_std,N,0.32113771250912976,0.007838069838007179,10
development,0.25,0.0,ALL,ols_std,N_long_C1,0.01998203682782766,0.029227670974822043,10
development,0.25,0.0,ALL,ridge,M,0.14726314996398043,0.009240220413184192,10
development,0.25,0.0,ALL,ridge,N,0.3295180025574061,0.004013063683977539,10
development,0.25,0.0,ALL,ridge,N_long_C1,-0.01296189747117436,0.005596807890272341,10
development,0.25,0.0,CLS,ols_std,M,0.06298822674990309,0.014370641319353051,10
development,0.25,0.0,CLS,ols_std,N,0.3268888265026542,0.0058544673612042535,10
development,0.25,0.0,CLS,ols_std,N_long_C1,-0.00539530639474612,0.01340126785042428,10
development,0.25,0.0,CLS,ridge,M,-0.002909262227256217,0.005535481263301467,10
development,0.25,0.0,CLS,ridge,N,0.3301035846618218,0.003907626837095486,10
development,0.25,0.0,CLS,ridge,N_long_C1,-0.011468182088812487,0.005739619902005213,10
development,0.25,0.0,J,ols_raw,M,0.06298822674990269,0.014370641319349231,10
development,0.25,0.0,J,ols_raw,N,0.3268888265026583,0.005854467361209486,10
development,0.25,0.0,J,ols_raw,N_long_C1,-0.005395306394744488,0.013401267850424501,10
development,0.25,0.0,J,ols_std,M,0.06298822674989571,0.014370641319361352,10
development,0.25,0.0,J,ols_std,N,0.32688882650267503,0.005854467361245218,10
development,0.25,0.0,J,ols_std,N_long_C1,-0.005395306394751156,0.01340126785042801,10
development,0.25,0.0,J,ridge,M,-0.0033009488542881833,0.0047053388474781925,10
development,0.25,0.0,J,ridge,N,0.33020749406087313,0.003739353326418323,10
development,0.25,0.0,J,ridge,N_long_C1,-0.0108242113023404,0.005625730290971359,10
development,0.25,0.0,P,ols_raw,M,-0.002920768685716029,0.003042713841709376,10
development,0.25,0.0,P,ols_raw,N,-0.0024833270677342865,0.002903028521689363,10
development,0.25,0.0,P,ols_raw,N_long_C1,-0.004483465584648341,0.0034322138743281085,10
development,0.25,0.0,P,ols_std,M,-0.0029207686857160324,0.0030427138417093796,10
development,0.25,0.0,P,ols_std,N,-0.0024833270677342496,0.002903028521689373,10
development,0.25,0.0,P,ols_std,N_long_C1,-0.00448346558464833,0.003432213874328122,10
development,0.25,0.0,P,ridge,M,-0.0029206863054240155,0.0030426890936963813,10
development,0.25,0.0,P,ridge,N,-0.002483258789003662,0.0029029365605964708,10
development,0.25,0.0,P,ridge,N_long_C1,-0.004483312916441285,0.003432110954742635,10
development,0.25,0.0,R,ols_raw,M,0.3170166924903911,0.03734125320711818,10
development,0.25,0.0,R,ols_raw,N,-0.008191817069900114,0.005671000525952428,10
development,0.25,0.0,R,ols_raw,N_long_C1,-0.013299672525151573,0.003967252831643621,10
development,0.25,0.0,R,ols_std,M,0.3170166924903908,0.03734125320711786,10
development,0.25,0.0,R,ols_std,N,-0.008191817069899805,0.005671000525950443,10
development,0.25,0.0,R,ols_std,N_long_C1,-0.01329967252515217,0.003967252831643628,10
development,0.25,0.0,R,ridge,M,0.14273778656071426,0.004453455034393478,10
development,0.25,0.0,R,ridge,N,-0.0034665495537558,0.002979972037352939,10
development,0.25,0.0,R,ridge,N_long_C1,-0.007867796332503419,0.003904868829171851,10
development,0.25,0.25,ALL,ols_std,M,0.5108173249955429,0.030952739543534297,10
development,0.25,0.25,ALL,ols_std,N,1.0,0.0,10
development,0.25,0.25,ALL,ols_std,N_long_C1,0.36984351592776415,0.029476348026069847,10
development,0.25,0.25,ALL,ridge,M,0.14521527626233405,0.009274732130769467,10
development,0.25,0.25,ALL,ridge,N,0.9930613763764982,0.0040177403869139676,10
development,0.25,0.25,ALL,ridge,N_long_C1,-0.017792354181006477,0.009932319055997505,10
development,0.25,0.25,CLS,ols_std,M,0.2869715689453522,0.035914222557383364,10
development,0.25,0.25,CLS,ols_std,N,0.9999999938816571,6.7849933233604775e-09,10
development,0.25,0.25,CLS,ols_std,N_long_C1,0.22868897397626425,0.03299374275446192,10
development,0.25,0.25,CLS,ridge,M,0.008114639471836469,0.015353564095541604,10
development,0.25,0.25,CLS,ridge,N,0.9949510993626367,0.002995567032334343,10
development,0.25,0.25,CLS,ridge,N_long_C1,-0.016514806754481456,0.010217607034685508,10
development,0.25,0.25,J,ols_raw,M,0.2841489271978252,0.037259370057203284,10
development,0.25,0.25,J,ols_raw,N,0.9999999917035686,1.0856468930972063e-08,10
development,0.25,0.25,J,ols_raw,N_long_C1,0.22751537824749346,0.033540104708849536,10
development,0.25,0.25,J,ols_std,M,0.28414892715105833,0.037259370047694904,10
development,0.25,0.25,J,ols_std,N,0.9999999917035686,1.0856468930972063e-08,10
development,0.25,0.25,J,ols_std,N_long_C1,0.22751537828557997,0.0335401046685358,10
development,0.25,0.25,J,ridge,M,0.001555286827337272,0.010258729549031335,10
development,0.25,0.25,J,ridge,N,0.9892687556278759,0.005390962231942416,10
development,0.25,0.25,J,ridge,N_long_C1,-0.015490574238468871,0.009921108050233407,10
development,0.25,0.25,P,ols_raw,M,-0.005585643332244721,0.00413096900978349,10
development,0.25,0.25,P,ols_raw,N,1.0,0.0,10
development,0.25,0.25,P,ols_raw,N_long_C1,-0.011866542031255933,0.010851553607435567,10
development,0.25,0.25,P,ols_std,M,-0.005585643332244719,0.00413096900978354,10
development,0.25,0.25,P,ols_std,N,1.0,0.0,10
development,0.25,0.25,P,ols_std,N_long_C1,-0.011866542031255924,0.010851553607435683,10
development,0.25,0.25,P,ridge,M,-0.0037430947564411196,0.003687624145426265,10
development,0.25,0.25,P,ridge,N,0.7161256932276305,0.09877838179886249,10
development,0.25,0.25,P,ridge,N_long_C1,-0.008528569408045649,0.007752853057832795,10
development,0.25,0.25,R,ols_raw,M,0.3170166924903911,0.03734125320711818,10
development,0.25,0.25,R,ols_raw,N,-0.008191817069900114,0.005671000525952428,10
development,0.25,0.25,R,ols_raw,N_long_C1,-0.013299672525151573,0.003967252831643621,10
development,0.25,0.25,R,ols_std,M,0.3170166924903908,0.03734125320711786,10
development,0.25,0.25,R,ols_std,N,-0.008191817069899805,0.005671000525950443,10
development,0.25,0.25,R,ols_std,N_long_C1,-0.01329967252515217,0.003967252831643628,10
development,0.25,0.25,R,ridge,M,0.14273778656071426,0.004453455034393478,10
development,0.25,0.25,R,ridge,N,-0.0034665495537558,0.002979972037352939,10
development,0.25,0.25,R,ridge,N_long_C1,-0.007867796332503419,0.003904868829171851,10
development,0.25,0.5,ALL,ols_std,M,0.5108246939671215,0.03095739197714405,10
development,0.25,0.5,ALL,ols_std,N,1.0,0.0,10
development,0.25,0.5,ALL,ols_std,N_long_C1,0.369827587581298,0.02949851324160405,10
development,0.25,0.5,ALL,ridge,M,0.14488144008998996,0.009276733302036402,10
development,0.25,0.5,ALL,ridge,N,0.9983629517848946,0.0009380555386792467,10
development,0.25,0.5,ALL,ridge,N_long_C1,-0.018690799749057706,0.010410699314319365,10
development,0.25,0.5,CLS,ols_std,M,0.2869715689351402,0.0359142225520753,10
development,0.25,0.5,CLS,ols_std,N,0.9999999938816571,6.7849933233604775e-09,10
development,0.25,0.5,CLS,ols_std,N_long_C1,0.22868897396975899,0.032993742767372124,10
development,0.25,0.5,CLS,ridge,M,0.016435081342013564,0.01628864251230412,10
development,0.25,0.5,CLS,ridge,N,0.9988482885853627,0.0005800605303115388,10
development,0.25,0.5,CLS,ridge,N_long_C1,-0.017435276597342713,0.01043326035877925,10
development,0.25,0.5,J,ols_raw,M,0.28402478878638654,0.03732222437045628,10
development,0.25,0.5,J,ols_raw,N,0.9999999916692242,1.0956444986026656e-08,10
development,0.25,0.5,J,ols_raw,N_long_C1,0.22746991563072455,0.0335654175102816,10
development,0.25,0.5,J,ols_std,M,0.2840247883419783,0.03732222409580075,10
development,0.25,0.5,J,ols_std,N,0.9999999916692242,1.0956444986026656e-08,10
development,0.25,0.5,J,ols_std,N_long_C1,0.2274699157188603,0.03356541747449416,10
development,0.25,0.5,J,ridge,M,0.006723735155628905,0.011453425933132947,10
development,0.25,0.5,J,ridge,N,0.9976260573697676,0.0011375926571581298,10
development,0.25,0.5,J,ridge,N_long_C1,-0.016434990412035385,0.010350180592297389,10
development,0.25,0.5,P,ols_raw,M,-0.00558564333224462,0.004130969009783608,10
development,0.25,0.5,P,ols_raw,N,1.0,0.0,10
development,0.25,0.5,P,ols_raw,N_long_C1,-0.011866542031255886,0.010851553607435574,10
development,0.25,0.5,P,ols_std,M,-0.00558564333224462,0.004130969009783571,10
development,0.25,0.5,P,ols_std,N,1.0,0.0,10
development,0.25,0.5,P,ols_std,N_long_C1,-0.01186654203125583,0.010851553607435624,10
development,0.25,0.5,P,ridge,M,-0.004528938630338158,0.004090979250769754,10
development,0.25,0.5,P,ridge,N,0.9090488697717051,0.05327927122061055,10
development,0.25,0.5,P,ridge,N_long_C1,-0.010313426644802944,0.009833388129781115,10
development,0.25,0.5,R,ols_raw,M,0.3170166924903911,0.03734125320711818,10
development,0.25,0.5,R,ols_raw,N,-0.008191817069900114,0.005671000525952428,10
development,0.25,0.5,R,ols_raw,N_long_C1,-0.013299672525151573,0.003967252831643621,10
development,0.25,0.5,R,ols_std,M,0.3170166924903908,0.03734125320711786,10
development,0.25,0.5,R,ols_std,N,-0.008191817069899805,0.005671000525950443,10
development,0.25,0.5,R,ols_std,N_long_C1,-0.01329967252515217,0.003967252831643628,10
development,0.25,0.5,R,ridge,M,0.14273778656071426,0.004453455034393478,10
development,0.25,0.5,R,ridge,N,-0.0034665495537558,0.002979972037352939,10
development,0.25,0.5,R,ridge,N_long_C1,-0.007867796332503419,0.003904868829171851,10
development,0.25,0.75,ALL,ols_std,M,0.5108445018650924,0.030969578768340857,10
development,0.25,0.75,ALL,ols_std,N,1.0,0.0,10
development,0.25,0.75,ALL,ols_std,N_long_C1,0.369825019963966,0.029519064093454398,10
development,0.25,0.75,ALL,ridge,M,0.14449354703499448,0.009248278909516513,10
development,0.25,0.75,ALL,ridge,N,0.9995706800766395,0.0002010965675819372,10
development,0.25,0.75,ALL,ridge,N_long_C1,-0.019456196908954514,0.01063544631571359,10
development,0.25,0.75,CLS,ols_std,M,0.2869715689363125,0.03591422255116779,10
development,0.25,0.75,CLS,ols_std,N,0.9999999938816571,6.7849933233604775e-09,10
development,0.25,0.75,CLS,ols_std,N_long_C1,0.2286889739653258,0.03299374276162824,10
development,0.25,0.75,CLS,ridge,M,0.022867891026627864,0.01491997800999369,10
development,0.25,0.75,CLS,ridge,N,0.9996008519129781,0.00018450473172449455,10
development,0.25,0.75,CLS,ridge,N_long_C1,-0.018143520631079636,0.010428897987394756,10
development,0.25,0.75,J,ols_raw,M,0.2838304835914366,0.03743729956802613,10
development,0.25,0.75,J,ols_raw,N,0.9999999915752383,1.1214189588308485e-08,10
development,0.25,0.75,J,ols_raw,N_long_C1,0.22742929756867322,0.033583737622752165,10
development,0.25,0.75,J,ols_std,M,0.2838304836063294,0.03743729957906717,10
development,0.25,0.75,J,ols_std,N,0.9999999915752383,1.1214189588308485e-08,10
development,0.25,0.75,J,ols_std,N_long_C1,0.2274292975682788,0.033583737618156105,10
development,0.25,0.75,J,ridge,M,0.011989978791336753,0.010581209638780358,10
development,0.25,0.75,J,ridge,N,0.999295296353673,0.0003042558497703548,10
development,0.25,0.75,J,ridge,N_long_C1,-0.017252102861833332,0.010461071639706174,10
development,0.25,0.75,P,ols_raw,M,-0.0055856433322446246,0.004130969009783505,10
development,0.25,0.75,P,ols_raw,N,1.0,0.0,10
development,0.25,0.75,P,ols_raw,N_long_C1,-0.011866542031255907,0.010851553607435591,10
development,0.25,0.75,P,ols_std,M,-0.005585643332244658,0.004130969009783536,10
development,0.25,0.75,P,ols_std,N,1.0,0.0,10
development,0.25,0.75,P,ols_std,N_long_C1,-0.011866542031255927,0.010851553607435583,10
development,0.25,0.75,P,ridge,M,-0.00500256220349899,0.0041871745373670876,10
development,0.25,0.75,P,ridge,N,0.9687302954825245,0.030008769808618205,10
development,0.25,0.75,P,ridge,N_long_C1,-0.010984687938700315,0.010413025052564119,10
development,0.25,0.75,R,ols_raw,M,0.3170166924903911,0.03734125320711818,10
development,0.25,0.75,R,ols_raw,N,-0.008191817069900114,0.005671000525952428,10
development,0.25,0.75,R,ols_raw,N_long_C1,-0.013299672525151573,0.003967252831643621,10
development,0.25,0.75,R,ols_std,M,0.3170166924903908,0.03734125320711786,10
development,0.25,0.75,R,ols_std,N,-0.008191817069899805,0.005671000525950443,10
development,0.25,0.75,R,ols_std,N_long_C1,-0.01329967252515217,0.003967252831643628,10
development,0.25,0.75,R,ridge,M,0.14273778656071426,0.004453455034393478,10
development,0.25,0.75,R,ridge,N,-0.0034665495537558,0.002979972037352939,10
development,0.25,0.75,R,ridge,N_long_C1,-0.007867796332503419,0.003904868829171851,10
development,0.25,1.0,ALL,ols_std,M,0.5108539232286163,0.030979286740140756,10
development,0.25,1.0,ALL,ols_std,N,1.0,0.0,10
development,0.25,1.0,ALL,ols_std,N_long_C1,0.3698139166415787,0.029558307710512,10
development,0.25,1.0,ALL,ridge,M,0.14398404991179686,0.008995548909506238,10
development,0.25,1.0,ALL,ridge,N,0.9998202326472028,0.00010230295898830496,10
development,0.25,1.0,ALL,ridge,N_long_C1,-0.020158887811887398,0.010584723899868167,10
development,0.25,1.0,CLS,ols_std,M,0.28697156893618275,0.03591422254884686,10
development,0.25,1.0,CLS,ols_std,N,0.9999999938816571,6.7849933233604775e-09,10
development,0.25,1.0,CLS,ols_std,N_long_C1,0.22868897396940135,0.032993742764710586,10
development,0.25,1.0,CLS,ridge,M,0.0286282677532289,0.013451962810940188,10
development,0.25,1.0,CLS,ridge,N,0.9997990414928308,0.00011400315641193236,10
development,0.25,1.0,CLS,ridge,N_long_C1,-0.018886026562502788,0.010233959366763436,10
development,0.25,1.0,J,ols_raw,M,0.2836596739143832,0.03758207806036497,10
development,0.25,1.0,J,ols_raw,N,0.999999991391336,1.1703670119229832e-08,10
development,0.25,1.0,J,ols_raw,N_long_C1,0.22742332619124683,0.033572953191901546,10
development,0.25,1.0,J,ols_std,M,0.28365967391577696,0.037582078061769025,10
development,0.25,1.0,J,ols_std,N,0.999999991391336,1.1703670119229832e-08,10
development,0.25,1.0,J,ols_std,N_long_C1,0.22742332619055391,0.03357295319107717,10
development,0.25,1.0,J,ridge,M,0.017436816202897037,0.011059994744278621,10
development,0.25,1.0,J,ridge,N,0.9996750694390861,0.00015353479066728393,10
development,0.25,1.0,J,ridge,N_long_C1,-0.018014806665912077,0.010431819573046968,10
development,0.25,1.0,P,ols_raw,M,-0.005585643332244717,0.00413096900978346,10
development,0.25,1.0,P,ols_raw,N,1.0,0.0,10
development,0.25,1.0,P,ols_raw,N_long_C1,-0.011866542031255903,0.01085155360743561,10
development,0.25,1.0,P,ols_std,M,-0.005585643332244681,0.0041309690097835,10
development,0.25,1.0,P,ols_std,N,1.0,0.0,10
development,0.25,1.0,P,ols_std,N_long_C1,-0.01186654203125594,0.010851553607435638,10
development,0.25,1.0,P,ridge,M,-0.005267844364199562,0.004173854218311354,10
development,0.25,1.0,P,ridge,N,0.9874238165445407,0.018175654187441676,10
development,0.25,1.0,P,ridge,N_long_C1,-0.011310969917015083,0.010643210684455597,10
development,0.25,1.0,R,ols_raw,M,0.3170166924903911,0.03734125320711818,10
development,0.25,1.0,R,ols_raw,N,-0.008191817069900114,0.005671000525952428,10
development,0.25,1.0,R,ols_raw,N_long_C1,-0.013299672525151573,0.003967252831643621,10
development,0.25,1.0,R,ols_std,M,0.3170166924903908,0.03734125320711786,10
development,0.25,1.0,R,ols_std,N,-0.008191817069899805,0.005671000525950443,10
development,0.25,1.0,R,ols_std,N_long_C1,-0.01329967252515217,0.003967252831643628,10
development,0.25,1.0,R,ridge,M,0.14273778656071426,0.004453455034393478,10
development,0.25,1.0,R,ridge,N,-0.0034665495537558,0.002979972037352939,10
development,0.25,1.0,R,ridge,N_long_C1,-0.007867796332503419,0.003904868829171851,10
development,0.5,0.0,ALL,ols_std,M,0.4694952371164344,0.033567044744081585,10
development,0.5,0.0,ALL,ols_std,N,0.3219520804476562,0.007331956564535271,10
development,0.5,0.0,ALL,ols_std,N_long_C1,0.03172724448560009,0.02757821282743181,10
development,0.5,0.0,ALL,ridge,M,0.2833686250810234,0.027876429044508873,10
development,0.5,0.0,ALL,ridge,N,0.32809864147213097,0.0049340184606236105,10
development,0.5,0.0,ALL,ridge,N_long_C1,-0.006257532230598046,0.010711325674954182,10
development,0.5,0.0,CLS,ols_std,M,0.05085121102694205,0.02161695587499144,10
development,0.5,0.0,CLS,ols_std,N,0.3272530617363213,0.004945171035450883,10
development,0.5,0.0,CLS,ols_std,N_long_C1,0.00038072885206096214,0.01298145552797618,10
development,0.5,0.0,CLS,ridge,M,0.02129550882397918,0.023716435783135502,10
development,0.5,0.0,CLS,ridge,N,0.32936424872692627,0.004161784092946089,10
development,0.5,0.0,CLS,ridge,N_long_C1,-0.004860651591399928,0.011227928946159127,10
development,0.5,0.0,J,ols_raw,M,0.05085121102694247,0.021616955874991246,10
development,0.5,0.0,J,ols_raw,N,0.32725306173632085,0.0049451710354516945,10
development,0.5,0.0,J,ols_raw,N_long_C1,0.00038072885206082797,0.012981455527976096,10
development,0.5,0.0,J,ols_std,M,0.050851211026942164,0.021616955874991527,10
development,0.5,0.0,J,ols_std,N,0.32725306173632235,0.004945171035452293,10
development,0.5,0.0,J,ols_std,N_long_C1,0.0003807288520607771,0.01298145552797616,10
development,0.5,0.0,J,ridge,M,0.015184461264313453,0.01901299650292501,10
development,0.5,0.0,J,ridge,N,0.3296492134041555,0.004101813378852934,10
development,0.5,0.0,J,ridge,N_long_C1,-0.006609412795185239,0.009259608836388945,10
development,0.5,0.0,P,ols_raw,M,-0.002920768685716029,0.003042713841709376,10
development,0.5,0.0,P,ols_raw,N,-0.0024833270677342865,0.002903028521689363,10
development,0.5,0.0,P,ols_raw,N_long_C1,-0.004483465584648341,0.0034322138743281085,10
development,0.5,0.0,P,ols_std,M,-0.0029207686857160324,0.0030427138417093796,10
development,0.5,0.0,P,ols_std,N,-0.0024833270677342496,0.002903028521689373,10
development,0.5,0.0,P,ols_std,N_long_C1,-0.00448346558464833,0.003432213874328122,10
development,0.5,0.0,P,ridge,M,-0.0029206863054240155,0.0030426890936963813,10
development,0.5,0.0,P,ridge,N,-0.002483258789003662,0.0029029365605964708,10
development,0.5,0.0,P,ridge,N_long_C1,-0.004483312916441285,0.003432110954742635,10
development,0.5,0.0,R,ols_raw,M,0.35931000326749196,0.044713053903349384,10
development,0.5,0.0,R,ols_raw,N,-0.008072188759431678,0.00438674424865193,10
development,0.5,0.0,R,ols_raw,N_long_C1,-0.012477824002659907,0.0033884660722278167,10
development,0.5,0.0,R,ols_std,M,0.3593100032674919,0.04471305390334944,10
development,0.5,0.0,R,ols_std,N,-0.008072188759431661,0.004386744248651905,10
development,0.5,0.0,R,ols_std,N_long_C1,-0.012477824002659996,0.0033884660722277794,10
development,0.5,0.0,R,ridge,M,0.2451925451576899,0.023421274177605172,10
development,0.5,0.0,R,ridge,N,-0.004016766734300459,0.003147563618594804,10
development,0.5,0.0,R,ridge,N_long_C1,-0.008956068128128592,0.004050802926892006,10
development,0.5,0.25,ALL,ols_std,M,0.5315832429012514,0.015118723940572355,10
development,0.5,0.25,ALL,ols_std,N,1.0,0.0,10
development,0.5,0.25,ALL,ols_std,N_long_C1,0.4033587046117314,0.020390336272683492,10
development,0.5,0.25,ALL,ridge,M,0.2833578334998202,0.030106602295935755,10
development,0.5,0.25,ALL,ridge,N,0.9893688212996301,0.005722746341086666,10
development,0.5,0.25,ALL,ridge,N_long_C1,-0.004075508809277945,0.01798235021713229,10
development,0.5,0.25,CLS,ols_std,M,0.30885759993269957,0.025294051751739138,10
development,0.5,0.25,CLS,ols_std,N,0.9999986603726381,2.0203840612310768e-06,10
development,0.5,0.25,CLS,ols_std,N_long_C1,0.25791570935910635,0.02384901731740232,10
development,0.5,0.25,CLS,ridge,M,0.07300650763973,0.03949025880331241,10
development,0.5,0.25,CLS,ridge,N,0.9888610227202485,0.007108366175225032,10
development,0.5,0.25,CLS,ridge,N_long_C1,-0.000720426292539658,0.02089701766409337,10
development,0.5,0.25,J,ols_raw,M,0.3058400630931072,0.0276917747875463,10
development,0.5,0.25,J,ols_raw,N,0.9999979591806953,2.9360206606244178e-06,10
development,0.5,0.25,J,ols_raw,N_long_C1,0.2558886175877483,0.02351523740784592,10
development,0.5,0.25,J,ols_std,M,0.3058400630934369,0.02769177478762219,10
development,0.5,0.25,J,ols_std,N,0.9999979591806953,2.936020660614419e-06,10
development,0.5,0.25,J,ols_std,N_long_C1,0.2558886175876769,0.02351523740817159,10
development,0.5,0.25,J,ridge,M,0.052443319649206996,0.031845709090589945,10
development,0.5,0.25,J,ridge,N,0.9791201828632092,0.012379464447142328,10
development,0.5,0.25,J,ridge,N_long_C1,-0.006655919558111255,0.014953507079348293,10
development,0.5,0.25,P,ols_raw,M,-0.005585643332244721,0.00413096900978349,10
development,0.5,0.25,P,ols_raw,N,1.0,0.0,10
development,0.5,0.25,P,ols_raw,N_long_C1,-0.011866542031255933,0.010851553607435567,10
development,0.5,0.25,P,ols_std,M,-0.005585643332244719,0.00413096900978354,10
development,0.5,0.25,P,ols_std,N,1.0,0.0,10
development,0.5,0.25,P,ols_std,N_long_C1,-0.011866542031255924,0.010851553607435683,10
development,0.5,0.25,P,ridge,M,-0.0037430947564411196,0.003687624145426265,10
development,0.5,0.25,P,ridge,N,0.7161256932276305,0.09877838179886249,10
development,0.5,0.25,P,ridge,N_long_C1,-0.008528569408045649,0.007752853057832795,10
development,0.5,0.25,R,ols_raw,M,0.35931000326749196,0.044713053903349384,10
development,0.5,0.25,R,ols_raw,N,-0.008072188759431678,0.00438674424865193,10
development,0.5,0.25,R,ols_raw,N_long_C1,-0.012477824002659907,0.0033884660722278167,10
development,0.5,0.25,R,ols_std,M,0.3593100032674919,0.04471305390334944,10
development,0.5,0.25,R,ols_std,N,-0.008072188759431661,0.004386744248651905,10
development,0.5,0.25,R,ols_std,N_long_C1,-0.012477824002659996,0.0033884660722277794,10
development,0.5,0.25,R,ridge,M,0.2451925451576899,0.023421274177605172,10
development,0.5,0.25,R,ridge,N,-0.004016766734300459,0.003147563618594804,10
development,0.5,0.25,R,ridge,N_long_C1,-0.008956068128128592,0.004050802926892006,10
development,0.5,0.5,ALL,ols_std,M,0.5315913065114668,0.015126216523016564,10
development,0.5,0.5,ALL,ols_std,N,1.0,0.0,10
development,0.5,0.5,ALL,ols_std,N_long_C1,0.4033320575087361,0.020381890268893785,10
development,0.5,0.5,ALL,ridge,M,0.2832551965952355,0.030079290848318417,10
development,0.5,0.5,ALL,ridge,N,0.9972252853870982,0.0012383201128823072,10
development,0.5,0.5,ALL,ridge,N_long_C1,-0.0002900191383084087,0.019903318896136165,10
development,0.5,0.5,CLS,ols_std,M,0.30885759993237827,0.025294051751604655,10
development,0.5,0.5,CLS,ols_std,N,0.9999986603726381,2.0203840612310768e-06,10
development,0.5,0.5,CLS,ols_std,N_long_C1,0.25791570935901753,0.02384901731729571,10
development,0.5,0.5,CLS,ridge,M,0.09050836064881693,0.03250995767344635,10
development,0.5,0.5,CLS,ridge,N,0.9975299491960421,0.00144664668659434,10
development,0.5,0.5,CLS,ridge,N_long_C1,0.0022394297295615607,0.02134003438701732,10
development,0.5,0.5,J,ols_raw,M,0.3054940487703065,0.027617849190144497,10
development,0.5,0.5,J,ols_raw,N,0.9999979492756876,2.95912308875455e-06,10
development,0.5,0.5,J,ols_raw,N_long_C1,0.2555708446243735,0.02355975946248464,10
development,0.5,0.5,J,ols_std,M,0.3054940487783455,0.02761784920263154,10
development,0.5,0.5,J,ols_std,N,0.9999979492756876,2.959123088750091e-06,10
development,0.5,0.5,J,ols_std,N_long_C1,0.2555708446249317,0.023559759461626043,10
development,0.5,0.5,J,ridge,M,0.07185985658110439,0.02641231729949529,10
development,0.5,0.5,J,ridge,N,0.9954917864432022,0.00215238731443688,10
development,0.5,0.5,J,ridge,N_long_C1,-0.004605690506611975,0.01619721192248202,10
development,0.5,0.5,P,ols_raw,M,-0.00558564333224462,0.004130969009783608,10
development,0.5,0.5,P,ols_raw,N,1.0,0.0,10
development,0.5,0.5,P,ols_raw,N_long_C1,-0.011866542031255886,0.010851553607435574,10
development,0.5,0.5,P,ols_std,M,-0.00558564333224462,0.004130969009783571,10
development,0.5,0.5,P,ols_std,N,1.0,0.0,10
development,0.5,0.5,P,ols_std,N_long_C1,-0.01186654203125583,0.010851553607435624,10
development,0.5,0.5,P,ridge,M,-0.004528938630338158,0.004090979250769754,10
development,0.5,0.5,P,ridge,N,0.9090488697717051,0.05327927122061055,10
development,0.5,0.5,P,ridge,N_long_C1,-0.010313426644802944,0.009833388129781115,10
development,0.5,0.5,R,ols_raw,M,0.35931000326749196,0.044713053903349384,10
development,0.5,0.5,R,ols_raw,N,-0.008072188759431678,0.00438674424865193,10
development,0.5,0.5,R,ols_raw,N_long_C1,-0.012477824002659907,0.0033884660722278167,10
development,0.5,0.5,R,ols_std,M,0.3593100032674919,0.04471305390334944,10
development,0.5,0.5,R,ols_std,N,-0.008072188759431661,0.004386744248651905,10
development,0.5,0.5,R,ols_std,N_long_C1,-0.012477824002659996,0.0033884660722277794,10
development,0.5,0.5,R,ridge,M,0.2451925451576899,0.023421274177605172,10
development,0.5,0.5,R,ridge,N,-0.004016766734300459,0.003147563618594804,10
development,0.5,0.5,R,ridge,N_long_C1,-0.008956068128128592,0.004050802926892006,10
development,0.5,0.75,ALL,ols_std,M,0.5316057625448125,0.015139977185041795,10
development,0.5,0.75,ALL,ols_std,N,1.0,0.0,10
development,0.5,0.75,ALL,ols_std,N_long_C1,0.4032961261570443,0.02037719310587641,10
development,0.5,0.75,ALL,ridge,M,0.28313860131291435,0.030098585610461904,10
development,0.5,0.75,ALL,ridge,N,0.9990632562190356,0.00040115980693821704,10
development,0.5,0.75,ALL,ridge,N_long_C1,0.0040729205247359715,0.021960158541548515,10
development,0.5,0.75,CLS,ols_std,M,0.3088575999324631,0.025294051751450802,10
development,0.5,0.75,CLS,ols_std,N,0.9999986603726381,2.0203840612310768e-06,10
development,0.5,0.75,CLS,ols_std,N_long_C1,0.2579157093584076,0.02384901731694793,10
development,0.5,0.75,CLS,ridge,M,0.09906303622327715,0.029563608312519005,10
development,0.5,0.75,CLS,ridge,N,0.9990668341967798,0.00046364314231094663,10
development,0.5,0.75,CLS,ridge,N_long_C1,0.006486560677092081,0.02290429160102824,10
development,0.5,0.75,J,ols_raw,M,0.3050150840812748,0.027618026854319116,10
development,0.5,0.75,J,ols_raw,N,0.9999979295380106,3.008624253297546e-06,10
development,0.5,0.75,J,ols_raw,N_long_C1,0.2553020015305145,0.023630757660193177,10
development,0.5,0.75,J,ols_std,M,0.3050150840813121,0.027618026854399718,10
development,0.5,0.75,J,ols_std,N,0.9999979295380106,3.008624253297546e-06,10
development,0.5,0.75,J,ols_std,N_long_C1,0.2553020015306232,0.023630757659947432,10
development,0.5,0.75,J,ridge,M,0.0819710764929322,0.02325797459228498,10
development,0.5,0.75,J,ridge,N,0.998425969317489,0.0006388522947613979,10
development,0.5,0.75,J,ridge,N_long_C1,-0.0019506945609565924,0.017799424038904714,10
development,0.5,0.75,P,ols_raw,M,-0.0055856433322446246,0.004130969009783505,10
development,0.5,0.75,P,ols_raw,N,1.0,0.0,10
development,0.5,0.75,P,ols_raw,N_long_C1,-0.011866542031255907,0.010851553607435591,10
development,0.5,0.75,P,ols_std,M,-0.005585643332244658,0.004130969009783536,10
development,0.5,0.75,P,ols_std,N,1.0,0.0,10
development,0.5,0.75,P,ols_std,N_long_C1,-0.011866542031255927,0.010851553607435583,10
development,0.5,0.75,P,ridge,M,-0.00500256220349899,0.0041871745373670876,10
development,0.5,0.75,P,ridge,N,0.9687302954825245,0.030008769808618205,10
development,0.5,0.75,P,ridge,N_long_C1,-0.010984687938700315,0.010413025052564119,10
development,0.5,0.75,R,ols_raw,M,0.35931000326749196,0.044713053903349384,10
development,0.5,0.75,R,ols_raw,N,-0.008072188759431678,0.00438674424865193,10
development,0.5,0.75,R,ols_raw,N_long_C1,-0.012477824002659907,0.0033884660722278167,10
development,0.5,0.75,R,ols_std,M,0.3593100032674919,0.04471305390334944,10
development,0.5,0.75,R,ols_std,N,-0.008072188759431661,0.004386744248651905,10
development,0.5,0.75,R,ols_std,N_long_C1,-0.012477824002659996,0.0033884660722277794,10
development,0.5,0.75,R,ridge,M,0.2451925451576899,0.023421274177605172,10
development,0.5,0.75,R,ridge,N,-0.004016766734300459,0.003147563618594804,10
development,0.5,0.75,R,ridge,N_long_C1,-0.008956068128128592,0.004050802926892006,10
development,0.5,1.0,ALL,ols_std,M,0.5316174338529331,0.015151858671677471,10
development,0.5,1.0,ALL,ols_std,N,1.0,0.0,10
development,0.5,1.0,ALL,ols_std,N_long_C1,0.4032482332565913,0.020378355207771086,10
development,0.5,1.0,ALL,ridge,M,0.28323107532537,0.03028285037683129,10
development,0.5,1.0,ALL,ridge,N,0.99955821639911,0.0002723587441277382,10
development,0.5,1.0,ALL,ridge,N_long_C1,0.011407872256433563,0.026803618984323638,10
development,0.5,1.0,CLS,ols_std,M,0.3088575999324616,0.02529405175148549,10
development,0.5,1.0,CLS,ols_std,N,0.9999986603726381,2.0203840612310768e-06,10
development,0.5,1.0,CLS,ols_std,N_long_C1,0.25791570935869,0.02384901731712382,10
development,0.5,1.0,CLS,ridge,M,0.10544646468253589,0.029986172627557196,10
development,0.5,1.0,CLS,ridge,N,0.9995690948532315,0.000254490432345417,10
development,0.5,1.0,CLS,ridge,N_long_C1,0.015249799868955933,0.02891263980981354,10
development,0.5,1.0,J,ols_raw,M,0.3047171817101705,0.027818687178487293,10
development,0.5,1.0,J,ols_raw,N,0.9999978949143692,3.0947898735240864e-06,10
development,0.5,1.0,J,ols_raw,N_long_C1,0.2552322942881406,0.02366074154380424,10
development,0.5,1.0,J,ols_std,M,0.3047171817102309,0.027818687178567197,10
development,0.5,1.0,J,ols_std,N,0.9999978949143692,3.0947898735434843e-06,10
development,0.5,1.0,J,ols_std,N_long_C1,0.25523229428852223,0.023660741543405042,10
development,0.5,1.0,J,ridge,M,0.08704948851881435,0.022875855163631775,10
development,0.5,1.0,J,ridge,N,0.9992131940727825,0.0004568652024297927,10
development,0.5,1.0,J,ridge,N_long_C1,0.003771332807763484,0.02177350131319345,10
development,0.5,1.0,P,ols_raw,M,-0.005585643332244717,0.00413096900978346,10
development,0.5,1.0,P,ols_raw,N,1.0,0.0,10
development,0.5,1.0,P,ols_raw,N_long_C1,-0.011866542031255903,0.01085155360743561,10
development,0.5,1.0,P,ols_std,M,-0.005585643332244681,0.0041309690097835,10
development,0.5,1.0,P,ols_std,N,1.0,0.0,10
development,0.5,1.0,P,ols_std,N_long_C1,-0.01186654203125594,0.010851553607435638,10
development,0.5,1.0,P,ridge,M,-0.005267844364199562,0.004173854218311354,10
development,0.5,1.0,P,ridge,N,0.9874238165445407,0.018175654187441676,10
development,0.5,1.0,P,ridge,N_long_C1,-0.011310969917015083,0.010643210684455597,10
development,0.5,1.0,R,ols_raw,M,0.35931000326749196,0.044713053903349384,10
development,0.5,1.0,R,ols_raw,N,-0.008072188759431678,0.00438674424865193,10
development,0.5,1.0,R,ols_raw,N_long_C1,-0.012477824002659907,0.0033884660722278167,10
development,0.5,1.0,R,ols_std,M,0.3593100032674919,0.04471305390334944,10
development,0.5,1.0,R,ols_std,N,-0.008072188759431661,0.004386744248651905,10
development,0.5,1.0,R,ols_std,N_long_C1,-0.012477824002659996,0.0033884660722277794,10
development,0.5,1.0,R,ridge,M,0.2451925451576899,0.023421274177605172,10
development,0.5,1.0,R,ridge,N,-0.004016766734300459,0.003147563618594804,10
development,0.5,1.0,R,ridge,N_long_C1,-0.008956068128128592,0.004050802926892006,10
development,0.75,0.0,ALL,ols_std,M,0.47384725103436526,0.030812019724275806,10
development,0.75,0.0,ALL,ols_std,N,0.3220287332797561,0.006784047171490516,10
development,0.75,0.0,ALL,ols_std,N_long_C1,0.05071757593022258,0.023708541099952272,10
development,0.75,0.0,ALL,ridge,M,0.41391911357323785,0.02783685080721845,10
development,0.75,0.0,ALL,ridge,N,0.32620370068813187,0.005631360928023545,10
development,0.75,0.0,ALL,ridge,N_long_C1,0.03133349914100743,0.025529521670784754,10
development,0.75,0.0,CLS,ols_std,M,0.05331219694996735,0.021002200143409564,10
development,0.75,0.0,CLS,ols_std,N,0.3264134648286706,0.005315099507314054,10
development,0.75,0.0,CLS,ols_std,N_long_C1,0.009291975459192432,0.01098682373041699,10
development,0.75,0.0,CLS,ridge,M,0.049305414236397956,0.024403274881063537,10
development,0.75,0.0,CLS,ridge,N,0.32728966509117513,0.005216451003710398,10
development,0.75,0.0,CLS,ridge,N_long_C1,0.008058364618570724,0.011726127120685215,10
development,0.75,0.0,J,ols_raw,M,0.053312196949967416,0.021002200143409623,10
development,0.75,0.0,J,ols_raw,N,0.32641346482867045,0.0053150995073138405,10
development,0.75,0.0,J,ols_raw,N_long_C1,0.009291975459192579,0.010986823730417029,10
development,0.75,0.0,J,ols_std,M,0.05331219694996738,0.021002200143409495,10
development,0.75,0.0,J,ols_std,N,0.32641346482867073,0.005315099507313891,10
development,0.75,0.0,J,ols_std,N_long_C1,0.009291975459192477,0.010986823730416883,10
development,0.75,0.0,J,ridge,M,0.04722367471278156,0.02500687307634711,10
development,0.75,0.0,J,ridge,N,0.32760134979496336,0.005118811193236873,10
development,0.75,0.0,J,ridge,N_long_C1,0.007510350875847088,0.011925678835851633,10
development,0.75,0.0,P,ols_raw,M,-0.002920768685716029,0.003042713841709376,10
development,0.75,0.0,P,ols_raw,N,-0.0024833270677342865,0.002903028521689363,10
development,0.75,0.0,P,ols_raw,N_long_C1,-0.004483465584648341,0.0034322138743281085,10
development,0.75,0.0,P,ols_std,M,-0.0029207686857160324,0.0030427138417093796,10
development,0.75,0.0,P,ols_std,N,-0.0024833270677342496,0.002903028521689373,10
development,0.75,0.0,P,ols_std,N_long_C1,-0.00448346558464833,0.003432213874328122,10
development,0.75,0.0,P,ridge,M,-0.0029206863054240155,0.0030426890936963813,10
development,0.75,0.0,P,ridge,N,-0.002483258789003662,0.0029029365605964708,10
development,0.75,0.0,P,ridge,N_long_C1,-0.004483312916441285,0.003432110954742635,10
development,0.75,0.0,R,ols_raw,M,0.3868390360309266,0.034978074095008235,10
development,0.75,0.0,R,ols_raw,N,-0.008799881734170829,0.0057617903300424995,10
development,0.75,0.0,R,ols_raw,N_long_C1,-0.011691573428148066,0.004044359235309013,10
development,0.75,0.0,R,ols_std,M,0.38683903603092673,0.0349780740950082,10
development,0.75,0.0,R,ols_std,N,-0.00879988173417083,0.005761790330042607,10
development,0.75,0.0,R,ols_std,N_long_C1,-0.011691573428148087,0.004044359235309027,10
development,0.75,0.0,R,ridge,M,0.3677439009066567,0.03417348044935747,10
development,0.75,0.0,R,ridge,N,-0.006380877051109728,0.005071600263152408,10
development,0.75,0.0,R,ridge,N_long_C1,-0.010150487484083074,0.004100836562385091,10
development,0.75,0.25,ALL,ols_std,M,0.5326219401882566,0.015142361228038772,10
development,0.75,0.25,ALL,ols_std,N,1.0,0.0,10
development,0.75,0.25,ALL,ols_std,N_long_C1,0.4239713108343494,0.021704310533281274,10
development,0.75,0.25,ALL,ridge,M,0.41317262580992314,0.02764560187296122,10
development,0.75,0.25,ALL,ridge,N,0.9832771636122214,0.008451080099709626,10
development,0.75,0.25,ALL,ridge,N_long_C1,0.07658150031619743,0.052707645388817614,10
development,0.75,0.25,CLS,ols_std,M,0.3133197309478336,0.021495068542478384,10
development,0.75,0.25,CLS,ols_std,N,0.9999458986522086,8.56776013692242e-05,10
development,0.75,0.25,CLS,ols_std,N_long_C1,0.26818150405593966,0.026403680397505902,10
development,0.75,0.25,CLS,ridge,M,0.1527091832062682,0.04079078787799442,10
development,0.75,0.25,CLS,ridge,N,0.9771704002264213,0.014559838480375972,10
development,0.75,0.25,CLS,ridge,N_long_C1,0.0563658686647017,0.04096446328818456,10
development,0.75,0.25,J,ols_raw,M,0.3111017755237039,0.023442533617848812,10
development,0.75,0.25,J,ols_raw,N,0.999927086617123,0.0001011001566364657,10
development,0.75,0.25,J,ols_raw,N_long_C1,0.2666110682913049,0.02501018930968199,10
development,0.75,0.25,J,ols_std,M,0.3111017755237684,0.023442533617845866,10
development,0.75,0.25,J,ols_std,N,0.999927086617123,0.00010110015663657485,10
development,0.75,0.25,J,ols_std,N_long_C1,0.26661106829124254,0.025010189309823353,10
development,0.75,0.25,J,ridge,M,0.13039553377659793,0.03833336031924315,10
development,0.75,0.25,J,ridge,N,0.9602161102277309,0.020912294664041424,10
development,0.75,0.25,J,ridge,N_long_C1,0.03763285818811596,0.029565493095712388,10
development,0.75,0.25,P,ols_raw,M,-0.005585643332244721,0.00413096900978349,10
development,0.75,0.25,P,ols_raw,N,1.0,0.0,10
development,0.75,0.25,P,ols_raw,N_long_C1,-0.011866542031255933,0.010851553607435567,10
development,0.75,0.25,P,ols_std,M,-0.005585643332244719,0.00413096900978354,10
development,0.75,0.25,P,ols_std,N,1.0,0.0,10
development,0.75,0.25,P,ols_std,N_long_C1,-0.011866542031255924,0.010851553607435683,10
development,0.75,0.25,P,ridge,M,-0.0037430947564411196,0.003687624145426265,10
development,0.75,0.25,P,ridge,N,0.7161256932276305,0.09877838179886249,10
development,0.75,0.25,P,ridge,N_long_C1,-0.008528569408045649,0.007752853057832795,10
development,0.75,0.25,R,ols_raw,M,0.3868390360309266,0.034978074095008235,10
development,0.75,0.25,R,ols_raw,N,-0.008799881734170829,0.0057617903300424995,10
development,0.75,0.25,R,ols_raw,N_long_C1,-0.011691573428148066,0.004044359235309013,10
development,0.75,0.25,R,ols_std,M,0.38683903603092673,0.0349780740950082,10
development,0.75,0.25,R,ols_std,N,-0.00879988173417083,0.005761790330042607,10
development,0.75,0.25,R,ols_std,N_long_C1,-0.011691573428148087,0.004044359235309027,10
development,0.75,0.25,R,ridge,M,0.3677439009066567,0.03417348044935747,10
development,0.75,0.25,R,ridge,N,-0.006380877051109728,0.005071600263152408,10
development,0.75,0.25,R,ridge,N_long_C1,-0.010150487484083074,0.004100836562385091,10
development,0.75,0.5,ALL,ols_std,M,0.532627826771761,0.015154311482441002,10
development,0.75,0.5,ALL,ols_std,N,1.0,0.0,10
development,0.75,0.5,ALL,ols_std,N_long_C1,0.42393966849905257,0.021663392644685055,10
development,0.75,0.5,ALL,ridge,M,0.41314980629798165,0.027528357174448768,10
development,0.75,0.5,ALL,ridge,N,0.9958597537042351,0.0015295411895512934,10
development,0.75,0.5,ALL,ridge,N_long_C1,0.09797528811884808,0.05163858848472394,10
development,0.75,0.5,CLS,ols_std,M,0.3133197309478747,0.021495068542403357,10
development,0.75,0.5,CLS,ols_std,N,0.9999458986522086,8.567760136931165e-05,10
development,0.75,0.5,CLS,ols_std,N_long_C1,0.26818150405579944,0.026403680397446155,10
development,0.75,0.5,CLS,ridge,M,0.17379245660753284,0.032105689475357246,10
development,0.75,0.5,CLS,ridge,N,0.9953122108075909,0.002535760985590087,10
development,0.75,0.5,CLS,ridge,N_long_C1,0.07581063994040647,0.03625230848846752,10
development,0.75,0.5,J,ols_raw,M,0.31071761835284173,0.022982860188612262,10
development,0.75,0.5,J,ols_raw,N,0.999926841219887,0.00010152128923720025,10
development,0.75,0.5,J,ols_raw,N_long_C1,0.2662613493051437,0.02460774697004105,10
development,0.75,0.5,J,ols_std,M,0.3107176183530477,0.022982860188978858,10
development,0.75,0.5,J,ols_std,N,0.999926841219887,0.00010152128923707465,10
development,0.75,0.5,J,ols_std,N_long_C1,0.2662613493052176,0.024607746969823752,10
development,0.75,0.5,J,ridge,M,0.15282388056474444,0.03142882672319597,10
development,0.75,0.5,J,ridge,N,0.9918675081112596,0.0033762372624666593,10
development,0.75,0.5,J,ridge,N_long_C1,0.054794059254405635,0.02997956501323203,10
development,0.75,0.5,P,ols_raw,M,-0.00558564333224462,0.004130969009783608,10
development,0.75,0.5,P,ols_raw,N,1.0,0.0,10
development,0.75,0.5,P,ols_raw,N_long_C1,-0.011866542031255886,0.010851553607435574,10
development,0.75,0.5,P,ols_std,M,-0.00558564333224462,0.004130969009783571,10
development,0.75,0.5,P,ols_std,N,1.0,0.0,10
development,0.75,0.5,P,ols_std,N_long_C1,-0.01186654203125583,0.010851553607435624,10
development,0.75,0.5,P,ridge,M,-0.004528938630338158,0.004090979250769754,10
development,0.75,0.5,P,ridge,N,0.9090488697717051,0.05327927122061055,10
development,0.75,0.5,P,ridge,N_long_C1,-0.010313426644802944,0.009833388129781115,10
development,0.75,0.5,R,ols_raw,M,0.3868390360309266,0.034978074095008235,10
development,0.75,0.5,R,ols_raw,N,-0.008799881734170829,0.0057617903300424995,10
development,0.75,0.5,R,ols_raw,N_long_C1,-0.011691573428148066,0.004044359235309013,10
development,0.75,0.5,R,ols_std,M,0.38683903603092673,0.0349780740950082,10
development,0.75,0.5,R,ols_std,N,-0.00879988173417083,0.005761790330042607,10
development,0.75,0.5,R,ols_std,N_long_C1,-0.011691573428148087,0.004044359235309027,10
development,0.75,0.5,R,ridge,M,0.3677439009066567,0.03417348044935747,10
development,0.75,0.5,R,ridge,N,-0.006380877051109728,0.005071600263152408,10
development,0.75,0.5,R,ridge,N_long_C1,-0.010150487484083074,0.004100836562385091,10
development,0.75,0.75,ALL,ols_std,M,0.5326348221954942,0.015168610251780526,10
development,0.75,0.75,ALL,ols_std,N,1.0,0.0,10
development,0.75,0.75,ALL,ols_std,N_long_C1,0.42390514548189506,0.021639405133864465,10
development,0.75,0.75,ALL,ridge,M,0.4131091537189075,0.027305808648160155,10
development,0.75,0.75,ALL,ridge,N,0.9984308502889456,0.0005996605778579598,10
development,0.75,0.75,ALL,ridge,N_long_C1,0.11946324810581417,0.050507292391206764,10
development,0.75,0.75,CLS,ols_std,M,0.3133197309478918,0.021495068542395166,10
development,0.75,0.75,CLS,ols_std,N,0.9999458986522086,8.567760136923815e-05,10
development,0.75,0.75,CLS,ols_std,N_long_C1,0.2681815040558136,0.0264036803974392,10
development,0.75,0.75,CLS,ridge,M,0.18846540519124158,0.028727542923780037,10
development,0.75,0.75,CLS,ridge,N,0.9981697132088531,0.0009293143617730434,10
development,0.75,0.75,CLS,ridge,N_long_C1,0.09738737458726736,0.03510617514741976,10
development,0.75,0.75,J,ols_raw,M,0.3099543950680132,0.02218315309799283,10
development,0.75,0.75,J,ols_raw,N,0.9999264267356704,0.00010231216406929216,10
development,0.75,0.75,J,ols_raw,N_long_C1,0.2657318921566515,0.02407574367259723,10
development,0.75,0.75,J,ols_std,M,0.3099543950679651,0.022183153097934432,10
development,0.75,0.75,J,ols_std,N,0.9999264267356704,0.00010231216406934502,10
development,0.75,0.75,J,ols_std,N_long_C1,0.26573189215665494,0.02407574367261479,10
development,0.75,0.75,J,ridge,M,0.1678868141234394,0.028304797059720548,10
development,0.75,0.75,J,ridge,N,0.9968540758435234,0.0012957412780937746,10
development,0.75,0.75,J,ridge,N_long_C1,0.07314100225313416,0.0306800976374507,10
development,0.75,0.75,P,ols_raw,M,-0.0055856433322446246,0.004130969009783505,10
development,0.75,0.75,P,ols_raw,N,1.0,0.0,10
development,0.75,0.75,P,ols_raw,N_long_C1,-0.011866542031255907,0.010851553607435591,10
development,0.75,0.75,P,ols_std,M,-0.005585643332244658,0.004130969009783536,10
development,0.75,0.75,P,ols_std,N,1.0,0.0,10
development,0.75,0.75,P,ols_std,N_long_C1,-0.011866542031255927,0.010851553607435583,10
development,0.75,0.75,P,ridge,M,-0.00500256220349899,0.0041871745373670876,10
development,0.75,0.75,P,ridge,N,0.9687302954825245,0.030008769808618205,10
development,0.75,0.75,P,ridge,N_long_C1,-0.010984687938700315,0.010413025052564119,10
development,0.75,0.75,R,ols_raw,M,0.3868390360309266,0.034978074095008235,10
development,0.75,0.75,R,ols_raw,N,-0.008799881734170829,0.0057617903300424995,10
development,0.75,0.75,R,ols_raw,N_long_C1,-0.011691573428148066,0.004044359235309013,10
development,0.75,0.75,R,ols_std,M,0.38683903603092673,0.0349780740950082,10
development,0.75,0.75,R,ols_std,N,-0.00879988173417083,0.005761790330042607,10
development,0.75,0.75,R,ols_std,N_long_C1,-0.011691573428148087,0.004044359235309027,10
development,0.75,0.75,R,ridge,M,0.3677439009066567,0.03417348044935747,10
development,0.75,0.75,R,ridge,N,-0.006380877051109728,0.005071600263152408,10
development,0.75,0.75,R,ridge,N_long_C1,-0.010150487484083074,0.004100836562385091,10
development,0.75,1.0,ALL,ols_std,M,0.5326391786823452,0.015177325864462382,10
development,0.75,1.0,ALL,ols_std,N,1.0,0.0,10
development,0.75,1.0,ALL,ols_std,N_long_C1,0.42386094442913197,0.021628507666197984,10
development,0.75,1.0,ALL,ridge,M,0.41297091530049085,0.02714043595903828,10
development,0.75,1.0,ALL,ridge,N,0.9991865735644897,0.0003889606332065007,10
development,0.75,1.0,ALL,ridge,N_long_C1,0.1472946877127101,0.05581148558229097,10
development,0.75,1.0,CLS,ols_std,M,0.31331973094789056,0.021495068542392623,10
development,0.75,1.0,CLS,ols_std,N,0.9999458986522086,8.567760136923375e-05,10
development,0.75,1.0,CLS,ols_std,N_long_C1,0.2681815040558102,0.026403680397430105,10
development,0.75,1.0,CLS,ridge,M,0.20266440196434354,0.03015977952639992,10
development,0.75,1.0,CLS,ridge,N,0.9991357753231055,0.000503461635501237,10
development,0.75,1.0,CLS,ridge,N_long_C1,0.1273497844260774,0.0434498844985933,10
development,0.75,1.0,J,ols_raw,M,0.30936678793956557,0.02184900996363554,10
development,0.75,1.0,J,ols_raw,N,0.9999257457509042,0.00010360665242719549,10
development,0.75,1.0,J,ols_raw,N_long_C1,0.2654358287821202,0.023838118843537814,10
development,0.75,1.0,J,ols_std,M,0.30936678793956196,0.02184900996364839,10
development,0.75,1.0,J,ols_std,N,0.9999257457509039,0.00010360665242723483,10
development,0.75,1.0,J,ols_std,N_long_C1,0.265435828782082,0.0238381188435977,10
development,0.75,1.0,J,ridge,M,0.17989297182356653,0.0296932558989926,10
development,0.75,1.0,J,ridge,N,0.9982270385386987,0.0010020509851890727,10
development,0.75,1.0,J,ridge,N_long_C1,0.09879526071541286,0.0387746327116638,10
development,0.75,1.0,P,ols_raw,M,-0.005585643332244717,0.00413096900978346,10
development,0.75,1.0,P,ols_raw,N,1.0,0.0,10
development,0.75,1.0,P,ols_raw,N_long_C1,-0.011866542031255903,0.01085155360743561,10
development,0.75,1.0,P,ols_std,M,-0.005585643332244681,0.0041309690097835,10
development,0.75,1.0,P,ols_std,N,1.0,0.0,10
development,0.75,1.0,P,ols_std,N_long_C1,-0.01186654203125594,0.010851553607435638,10
development,0.75,1.0,P,ridge,M,-0.005267844364199562,0.004173854218311354,10
development,0.75,1.0,P,ridge,N,0.9874238165445407,0.018175654187441676,10
development,0.75,1.0,P,ridge,N_long_C1,-0.011310969917015083,0.010643210684455597,10
development,0.75,1.0,R,ols_raw,M,0.3868390360309266,0.034978074095008235,10
development,0.75,1.0,R,ols_raw,N,-0.008799881734170829,0.0057617903300424995,10
development,0.75,1.0,R,ols_raw,N_long_C1,-0.011691573428148066,0.004044359235309013,10
development,0.75,1.0,R,ols_std,M,0.38683903603092673,0.0349780740950082,10
development,0.75,1.0,R,ols_std,N,-0.00879988173417083,0.005761790330042607,10
development,0.75,1.0,R,ols_std,N_long_C1,-0.011691573428148087,0.004044359235309027,10
development,0.75,1.0,R,ridge,M,0.3677439009066567,0.03417348044935747,10
development,0.75,1.0,R,ridge,N,-0.006380877051109728,0.005071600263152408,10
development,0.75,1.0,R,ridge,N_long_C1,-0.010150487484083074,0.004100836562385091,10
development,1.0,0.0,ALL,ols_std,M,0.4451703992383673,0.034645532900572706,10
development,1.0,0.0,ALL,ols_std,N,0.32019176357910195,0.006103954168564447,10
development,1.0,0.0,ALL,ols_std,N_long_C1,0.07281558907346819,0.023697807153076875,10
development,1.0,0.0,ALL,ridge,M,0.4407278748077902,0.03293228317752644,10
development,1.0,0.0,ALL,ridge,N,0.3213484479740812,0.005539251832146242,10
development,1.0,0.0,ALL,ridge,N_long_C1,0.07261175924206763,0.02344562631053011,10
development,1.0,0.0,CLS,ols_std,M,0.08007008930778875,0.01939751810826817,10
development,1.0,0.0,CLS,ols_std,N,0.31990958213048215,0.00719505150265154,10
development,1.0,0.0,CLS,ols_std,N_long_C1,0.025523527112528487,0.010993893037984915,10
development,1.0,0.0,CLS,ridge,M,0.08013414534208574,0.019443993138919882,10
development,1.0,0.0,CLS,ridge,N,0.3199643697210172,0.007219472342843542,10
development,1.0,0.0,CLS,ridge,N_long_C1,0.025548295055658237,0.011024269274130265,10
development,1.0,0.0,J,ols_raw,M,0.08007008930778878,0.01939751810826818,10
development,1.0,0.0,J,ols_raw,N,0.31990958213048226,0.007195051502651439,10
development,1.0,0.0,J,ols_raw,N_long_C1,0.025523527112528498,0.010993893037984936,10
development,1.0,0.0,J,ols_std,M,0.08007008930778872,0.01939751810826815,10
development,1.0,0.0,J,ols_std,N,0.3199095821304822,0.007195051502651404,10
development,1.0,0.0,J,ols_std,N_long_C1,0.025523527112528498,0.01099389303798492,10
development,1.0,0.0,J,ridge,M,0.08016121172412226,0.019480238314383485,10
development,1.0,0.0,J,ridge,N,0.32000266959720525,0.007234655518018254,10
development,1.0,0.0,J,ridge,N_long_C1,0.025561161098333333,0.011036501843048656,10
development,1.0,0.0,P,ols_raw,M,-0.002920768685716029,0.003042713841709376,10
development,1.0,0.0,P,ols_raw,N,-0.0024833270677342865,0.002903028521689363,10
development,1.0,0.0,P,ols_raw,N_long_C1,-0.004483465584648341,0.0034322138743281085,10
development,1.0,0.0,P,ols_std,M,-0.0029207686857160324,0.0030427138417093796,10
development,1.0,0.0,P,ols_std,N,-0.0024833270677342496,0.002903028521689373,10
development,1.0,0.0,P,ols_std,N_long_C1,-0.00448346558464833,0.003432213874328122,10
development,1.0,0.0,P,ridge,M,-0.0029206863054240155,0.0030426890936963813,10
development,1.0,0.0,P,ridge,N,-0.002483258789003662,0.0029029365605964708,10
development,1.0,0.0,P,ridge,N_long_C1,-0.004483312916441285,0.003432110954742635,10
development,1.0,0.0,R,ols_raw,M,0.36726452627644723,0.011914399125621904,10
development,1.0,0.0,R,ols_raw,N,-0.010144041221179515,0.007554084895400403,10
development,1.0,0.0,R,ols_raw,N_long_C1,-0.010786114287936927,0.004471154194357264,10
development,1.0,0.0,R,ols_std,M,0.3672645262764472,0.011914399125621937,10
development,1.0,0.0,R,ols_std,N,-0.010144041221179444,0.007554084895400404,10
development,1.0,0.0,R,ols_std,N_long_C1,-0.010786114287936962,0.004471154194357315,10
development,1.0,0.0,R,ridge,M,0.3670835143988468,0.012135132984462492,10
development,1.0,0.0,R,ridge,N,-0.009708561203014037,0.007515503375594677,10
development,1.0,0.0,R,ridge,N_long_C1,-0.010498158186146613,0.0044165496514757645,10
development,1.0,0.25,ALL,ols_std,M,0.5071636975180585,0.02464163232534456,10
development,1.0,0.25,ALL,ols_std,N,1.0,0.0,10
development,1.0,0.25,ALL,ols_std,N_long_C1,0.42503141136285494,0.035664517409399674,10
development,1.0,0.25,ALL,ridge,M,0.43848654663562925,0.03281894770658777,10
development,1.0,0.25,ALL,ridge,N,0.9821284634550915,0.012572816176539459,10
development,1.0,0.25,ALL,ridge,N_long_C1,0.20929555285316032,0.04721375960414113,10
development,1.0,0.25,CLS,ols_std,M,0.2990391330930343,0.0226332038624817,10
development,1.0,0.25,CLS,ols_std,N,0.997481581745404,0.004421893281442375,10
development,1.0,0.25,CLS,ols_std,N_long_C1,0.25956609549682924,0.028320449905409478,10
development,1.0,0.25,CLS,ridge,M,0.21410191551717003,0.025700951019590985,10
development,1.0,0.25,CLS,ridge,N,0.9516767824726834,0.024832145102359676,10
development,1.0,0.25,CLS,ridge,N_long_C1,0.13500868154459905,0.024787114848500453,10
development,1.0,0.25,J,ols_raw,M,0.2975243773095535,0.022649659690169015,10
development,1.0,0.25,J,ols_raw,N,0.9971597272926924,0.0044713292251412655,10
development,1.0,0.25,J,ols_raw,N_long_C1,0.25833215442767954,0.027385997195538733,10
development,1.0,0.25,J,ols_std,M,0.2975243773095656,0.022649659690147938,10
development,1.0,0.25,J,ols_std,N,0.9971597272926929,0.004471329225140871,10
development,1.0,0.25,J,ols_std,N_long_C1,0.25833215442767193,0.027385997195522763,10
development,1.0,0.25,J,ridge,M,0.19794036517045382,0.02415088975545905,10
development,1.0,0.25,J,ridge,N,0.9186088928100377,0.03188820935823835,10
development,1.0,0.25,J,ridge,N_long_C1,0.11639938479662874,0.02204952450433153,10
development,1.0,0.25,P,ols_raw,M,-0.005585643332244721,0.00413096900978349,10
development,1.0,0.25,P,ols_raw,N,1.0,0.0,10
development,1.0,0.25,P,ols_raw,N_long_C1,-0.011866542031255933,0.010851553607435567,10
development,1.0,0.25,P,ols_std,M,-0.005585643332244719,0.00413096900978354,10
development,1.0,0.25,P,ols_std,N,1.0,0.0,10
development,1.0,0.25,P,ols_std,N_long_C1,-0.011866542031255924,0.010851553607435683,10
development,1.0,0.25,P,ridge,M,-0.0037430947564411196,0.003687624145426265,10
development,1.0,0.25,P,ridge,N,0.7161256932276305,0.09877838179886249,10
development,1.0,0.25,P,ridge,N_long_C1,-0.008528569408045649,0.007752853057832795,10
development,1.0,0.25,R,ols_raw,M,0.36726452627644723,0.011914399125621904,10
development,1.0,0.25,R,ols_raw,N,-0.010144041221179515,0.007554084895400403,10
development,1.0,0.25,R,ols_raw,N_long_C1,-0.010786114287936927,0.004471154194357264,10
development,1.0,0.25,R,ols_std,M,0.3672645262764472,0.011914399125621937,10
development,1.0,0.25,R,ols_std,N,-0.010144041221179444,0.007554084895400404,10
development,1.0,0.25,R,ols_std,N_long_C1,-0.010786114287936962,0.004471154194357315,10
development,1.0,0.25,R,ridge,M,0.3670835143988468,0.012135132984462492,10
development,1.0,0.25,R,ridge,N,-0.009708561203014037,0.007515503375594677,10
development,1.0,0.25,R,ridge,N_long_C1,-0.010498158186146613,0.0044165496514757645,10
development,1.0,0.5,ALL,ols_std,M,0.5071461716922788,0.024597435584870587,10
development,1.0,0.5,ALL,ols_std,N,1.0,0.0,10
development,1.0,0.5,ALL,ols_std,N_long_C1,0.4249476490441845,0.03546669770571045,10
development,1.0,0.5,ALL,ridge,M,0.4378208466224365,0.03289126879115832,10
development,1.0,0.5,ALL,ridge,N,0.9953375629427107,0.0017700285842555208,10
development,1.0,0.5,ALL,ridge,N_long_C1,0.24560471524663102,0.03754809101000506,10
development,1.0,0.5,CLS,ols_std,M,0.2990391330930418,0.022633203862493435,10
development,1.0,0.5,CLS,ols_std,N,0.9974815817454038,0.004421893281442157,10
development,1.0,0.5,CLS,ols_std,N_long_C1,0.25956609549682674,0.02832044990539057,10
development,1.0,0.5,CLS,ridge,M,0.2363569224456019,0.02381138209399752,10
development,1.0,0.5,CLS,ridge,N,0.9861134885762255,0.009168045874199508,10
development,1.0,0.5,CLS,ridge,N_long_C1,0.17378002586220406,0.028103843351542417,10
development,1.0,0.5,J,ols_raw,M,0.2973209091119557,0.022166596547059752,10
development,1.0,0.5,J,ols_raw,N,0.9971572288366504,0.00447254830282927,10
development,1.0,0.5,J,ols_raw,N_long_C1,0.2582524646865809,0.027234674144442906,10
development,1.0,0.5,J,ols_std,M,0.2973209091119396,0.02216659654706943,10
development,1.0,0.5,J,ols_std,N,0.9971572288366504,0.00447254830282911,10
development,1.0,0.5,J,ols_std,N_long_C1,0.2582524646865955,0.02723467414446198,10
development,1.0,0.5,J,ridge,M,0.21997258920230306,0.020512881841123497,10
development,1.0,0.5,J,ridge,N,0.9783222819225763,0.011468802046506835,10
development,1.0,0.5,J,ridge,N_long_C1,0.14996647465420815,0.021476431659672716,10
development,1.0,0.5,P,ols_raw,M,-0.00558564333224462,0.004130969009783608,10
development,1.0,0.5,P,ols_raw,N,1.0,0.0,10
development,1.0,0.5,P,ols_raw,N_long_C1,-0.011866542031255886,0.010851553607435574,10
development,1.0,0.5,P,ols_std,M,-0.00558564333224462,0.004130969009783571,10
development,1.0,0.5,P,ols_std,N,1.0,0.0,10
development,1.0,0.5,P,ols_std,N_long_C1,-0.01186654203125583,0.010851553607435624,10
development,1.0,0.5,P,ridge,M,-0.004528938630338158,0.004090979250769754,10
development,1.0,0.5,P,ridge,N,0.9090488697717051,0.05327927122061055,10
development,1.0,0.5,P,ridge,N_long_C1,-0.010313426644802944,0.009833388129781115,10
development,1.0,0.5,R,ols_raw,M,0.36726452627644723,0.011914399125621904,10
development,1.0,0.5,R,ols_raw,N,-0.010144041221179515,0.007554084895400403,10
development,1.0,0.5,R,ols_raw,N_long_C1,-0.010786114287936927,0.004471154194357264,10
development,1.0,0.5,R,ols_std,M,0.3672645262764472,0.011914399125621937,10
development,1.0,0.5,R,ols_std,N,-0.010144041221179444,0.007554084895400404,10
development,1.0,0.5,R,ols_std,N_long_C1,-0.010786114287936962,0.004471154194357315,10
development,1.0,0.5,R,ridge,M,0.3670835143988468,0.012135132984462492,10
development,1.0,0.5,R,ridge,N,-0.009708561203014037,0.007515503375594677,10
development,1.0,0.5,R,ridge,N_long_C1,-0.010498158186146613,0.0044165496514757645,10
development,1.0,0.75,ALL,ols_std,M,0.5071511515087097,0.024612627873024234,10
development,1.0,0.75,ALL,ols_std,N,1.0,0.0,10
development,1.0,0.75,ALL,ols_std,N_long_C1,0.4248428508693244,0.035240536407896525,10
development,1.0,0.75,ALL,ridge,M,0.4369762399612104,0.032822291264606736,10
development,1.0,0.75,ALL,ridge,N,0.9979094153684877,0.001013544763374296,10
development,1.0,0.75,ALL,ridge,N_long_C1,0.2744780458273436,0.03855298211461254,10
development,1.0,0.75,CLS,ols_std,M,0.29903913309304714,0.0226332038624891,10
development,1.0,0.75,CLS,ols_std,N,0.9974815817454038,0.004421893281442197,10
development,1.0,0.75,CLS,ols_std,N_long_C1,0.2595660954968303,0.028320449905388255,10
development,1.0,0.75,CLS,ridge,M,0.25326786216227143,0.02265829266892679,10
development,1.0,0.75,CLS,ridge,N,0.9926348858372771,0.006792574931243842,10
development,1.0,0.75,CLS,ridge,N_long_C1,0.20541282038470787,0.0328122954271528,10
development,1.0,0.75,J,ols_raw,M,0.2968861392747387,0.02114003555103655,10
development,1.0,0.75,J,ols_raw,N,0.9971525448339115,0.004474812778156513,10
development,1.0,0.75,J,ols_raw,N_long_C1,0.25806269384643066,0.02686636217486299,10
development,1.0,0.75,J,ols_std,M,0.29688613927474433,0.021140035551036565,10
development,1.0,0.75,J,ols_std,N,0.9971525448339114,0.0044748127781566475,10
development,1.0,0.75,J,ols_std,N_long_C1,0.25806269384643,0.026866362174856166,10
development,1.0,0.75,J,ridge,M,0.237084966191018,0.02062657502001088,10
development,1.0,0.75,J,ridge,N,0.9886912049035308,0.008687688450665788,10
development,1.0,0.75,J,ridge,N_long_C1,0.1809544769792532,0.02675192050291016,10
development,1.0,0.75,P,ols_raw,M,-0.0055856433322446246,0.004130969009783505,10
development,1.0,0.75,P,ols_raw,N,1.0,0.0,10
development,1.0,0.75,P,ols_raw,N_long_C1,-0.011866542031255907,0.010851553607435591,10
development,1.0,0.75,P,ols_std,M,-0.005585643332244658,0.004130969009783536,10
development,1.0,0.75,P,ols_std,N,1.0,0.0,10
development,1.0,0.75,P,ols_std,N_long_C1,-0.011866542031255927,0.010851553607435583,10
development,1.0,0.75,P,ridge,M,-0.00500256220349899,0.0041871745373670876,10
development,1.0,0.75,P,ridge,N,0.9687302954825245,0.030008769808618205,10
development,1.0,0.75,P,ridge,N_long_C1,-0.010984687938700315,0.010413025052564119,10
development,1.0,0.75,R,ols_raw,M,0.36726452627644723,0.011914399125621904,10
development,1.0,0.75,R,ols_raw,N,-0.010144041221179515,0.007554084895400403,10
development,1.0,0.75,R,ols_raw,N_long_C1,-0.010786114287936927,0.004471154194357264,10
development,1.0,0.75,R,ols_std,M,0.3672645262764472,0.011914399125621937,10
development,1.0,0.75,R,ols_std,N,-0.010144041221179444,0.007554084895400404,10
development,1.0,0.75,R,ols_std,N_long_C1,-0.010786114287936962,0.004471154194357315,10
development,1.0,0.75,R,ridge,M,0.3670835143988468,0.012135132984462492,10
development,1.0,0.75,R,ridge,N,-0.009708561203014037,0.007515503375594677,10
development,1.0,0.75,R,ridge,N_long_C1,-0.010498158186146613,0.0044165496514757645,10
development,1.0,1.0,ALL,ols_std,M,0.5071598668367632,0.02464370962411501,10
development,1.0,1.0,ALL,ols_std,N,1.0,0.0,10
development,1.0,1.0,ALL,ols_std,N_long_C1,0.4247383587375146,0.035051268269126364,10
development,1.0,1.0,ALL,ridge,M,0.43652904386897406,0.03295018324409192,10
development,1.0,1.0,ALL,ridge,N,0.9989736190621137,0.0006741064947669117,10
development,1.0,1.0,ALL,ridge,N_long_C1,0.3004528698535157,0.04362645629478938,10
development,1.0,1.0,CLS,ols_std,M,0.29903913309304603,0.022633203862484064,10
development,1.0,1.0,CLS,ols_std,N,0.9974815817454037,0.004421893281442259,10
development,1.0,1.0,CLS,ols_std,N_long_C1,0.2595660954968293,0.02832044990538881,10
development,1.0,1.0,CLS,ridge,M,0.264036470326812,0.020197090536590013,10
development,1.0,1.0,CLS,ridge,N,0.9949547408085039,0.005535669586319235,10
development,1.0,1.0,CLS,ridge,N_long_C1,0.22969476534898803,0.029121277465356633,10
development,1.0,1.0,J,ols_raw,M,0.2964478961836026,0.020186089166099944,10
development,1.0,1.0,J,ols_raw,N,0.997144958168174,0.004478457794110586,10
development,1.0,1.0,J,ols_raw,N_long_C1,0.2578590211539869,0.026482255772075847,10
development,1.0,1.0,J,ols_std,M,0.2964478961836075,0.02018608916609613,10
development,1.0,1.0,J,ols_std,N,0.997144958168174,0.00447845779411008,10
development,1.0,1.0,J,ols_std,N_long_C1,0.2578590211539913,0.026482255772068208,10
development,1.0,1.0,J,ridge,M,0.2475256100121376,0.019742757303970737,10
development,1.0,1.0,J,ridge,N,0.9919187309624853,0.007425247552929362,10
development,1.0,1.0,J,ridge,N_long_C1,0.20745397451918582,0.03133620357333048,10
development,1.0,1.0,P,ols_raw,M,-0.005585643332244717,0.00413096900978346,10
development,1.0,1.0,P,ols_raw,N,1.0,0.0,10
development,1.0,1.0,P,ols_raw,N_long_C1,-0.011866542031255903,0.01085155360743561,10
development,1.0,1.0,P,ols_std,M,-0.005585643332244681,0.0041309690097835,10
development,1.0,1.0,P,ols_std,N,1.0,0.0,10
development,1.0,1.0,P,ols_std,N_long_C1,-0.01186654203125594,0.010851553607435638,10
development,1.0,1.0,P,ridge,M,-0.005267844364199562,0.004173854218311354,10
development,1.0,1.0,P,ridge,N,0.9874238165445407,0.018175654187441676,10
development,1.0,1.0,P,ridge,N_long_C1,-0.011310969917015083,0.010643210684455597,10
development,1.0,1.0,R,ols_raw,M,0.36726452627644723,0.011914399125621904,10
development,1.0,1.0,R,ols_raw,N,-0.010144041221179515,0.007554084895400403,10
development,1.0,1.0,R,ols_raw,N_long_C1,-0.010786114287936927,0.004471154194357264,10
development,1.0,1.0,R,ols_std,M,0.3672645262764472,0.011914399125621937,10
development,1.0,1.0,R,ols_std,N,-0.010144041221179444,0.007554084895400404,10
development,1.0,1.0,R,ols_std,N_long_C1,-0.010786114287936962,0.004471154194357315,10
development,1.0,1.0,R,ridge,M,0.3670835143988468,0.012135132984462492,10
development,1.0,1.0,R,ridge,N,-0.009708561203014037,0.007515503375594677,10
development,1.0,1.0,R,ridge,N_long_C1,-0.010498158186146613,0.0044165496514757645,10
confirmation,0.0,0.0,ALL,ols_std,M,-0.0060423510517594635,0.0032729633319770273,20
confirmation,0.0,0.0,ALL,ols_std,N,0.33087918740759753,0.003404669803623997,20
confirmation,0.0,0.0,ALL,ols_std,N_long_C1,-0.007740420675476281,0.0032870055342050534,20
confirmation,0.0,0.0,ALL,ridge,M,-0.006042123912165015,0.003272889604112509,20
confirmation,0.0,0.0,ALL,ridge,N,0.33087924527856905,0.003404566784040004,20
confirmation,0.0,0.0,ALL,ridge,N_long_C1,-0.007740125624742367,0.003286855934820523,20
confirmation,0.0,0.0,CLS,ols_std,M,-0.006042351051758857,0.00327296333197668,20
confirmation,0.0,0.0,CLS,ols_std,N,0.33087918740759664,0.0034046698036260766,20
confirmation,0.0,0.0,CLS,ols_std,N_long_C1,-0.007740420675477236,0.003287005534204336,20
confirmation,0.0,0.0,CLS,ridge,M,-0.00604222905391561,0.003272933897066256,20
confirmation,0.0,0.0,CLS,ridge,N,0.33087921223096195,0.003404614486970718,20
confirmation,0.0,0.0,CLS,ridge,N_long_C1,-0.007740255633759371,0.0032869375438972586,20
confirmation,0.0,0.0,J,ols_raw,M,-0.00604235105175886,0.00327296333197668,20
confirmation,0.0,0.0,J,ols_raw,N,0.33087918740759675,0.0034046698036261044,20
confirmation,0.0,0.0,J,ols_raw,N_long_C1,-0.007740420675477229,0.0032870055342043296,20
confirmation,0.0,0.0,J,ols_std,M,-0.006042351051758849,0.0032729633319766886,20
confirmation,0.0,0.0,J,ols_std,N,0.33087918740759664,0.0034046698036260116,20
confirmation,0.0,0.0,J,ols_std,N_long_C1,-0.007740420675477236,0.003287005534204334,20
confirmation,0.0,0.0,J,ridge,M,-0.006042091374269472,0.00327288221282591,20
confirmation,0.0,0.0,J,ridge,N,0.3308792518280316,0.003404553496508782,20
confirmation,0.0,0.0,J,ridge,N_long_C1,-0.007740085790627724,0.003286835301930939,20
confirmation,0.0,0.0,P,ols_raw,M,-0.004183028418592955,0.0030614860477787753,20
confirmation,0.0,0.0,P,ols_raw,N,-0.003771717959338059,0.003082610917844568,20
confirmation,0.0,0.0,P,ols_raw,N_long_C1,-0.0055144612585830855,0.0023543921562205255,20
confirmation,0.0,0.0,P,ols_std,M,-0.004183028418592961,0.0030614860477787757,20
confirmation,0.0,0.0,P,ols_std,N,-0.00377171795933806,0.003082610917844547,20
confirmation,0.0,0.0,P,ols_std,N_long_C1,-0.005514461258583083,0.0023543921562205364,20
confirmation,0.0,0.0,P,ridge,M,-0.004182920819810216,0.003061441344959964,20
confirmation,0.0,0.0,P,ridge,N,-0.003771642593052913,0.0030825185022912574,20
confirmation,0.0,0.0,P,ridge,N_long_C1,-0.005514282788288818,0.0023543069686288187,20
confirmation,0.0,0.0,R,ols_raw,M,-0.0041830284185929946,0.0030614860477788304,20
confirmation,0.0,0.0,R,ols_raw,N,-0.003771717959338154,0.0030826109178445677,20
confirmation,0.0,0.0,R,ols_raw,N_long_C1,-0.00551446125858317,0.0023543921562205815,20
confirmation,0.0,0.0,R,ols_std,M,-0.004183028418595338,0.0030614860477782614,20
confirmation,0.0,0.0,R,ols_std,N,-0.0037717179593353307,0.003082610917829246,20
confirmation,0.0,0.0,R,ols_std,N_long_C1,-0.005514461258581597,0.0023543921562202844,20
confirmation,0.0,0.0,R,ridge,M,-0.00418284397140353,0.0030614094180019314,20
confirmation,0.0,0.0,R,ridge,N,-0.003771588766691951,0.0030824524986155675,20
confirmation,0.0,0.0,R,ridge,N_long_C1,-0.005514155322949276,0.0023542461264184256,20
confirmation,0.0,0.25,ALL,ols_std,M,-0.008944135191028248,0.003748624518111877,20
confirmation,0.0,0.25,ALL,ols_std,N,1.0,0.0,20
confirmation,0.0,0.25,ALL,ols_std,N_long_C1,-0.014450970854441917,0.006368151566906682,20
confirmation,0.0,0.25,ALL,ridge,M,-0.007793231244050396,0.0033520678335185444,20
confirmation,0.0,0.25,ALL,ridge,N,0.9949366964180657,0.003731323260921447,20
confirmation,0.0,0.25,ALL,ridge,N_long_C1,-0.012379826411788402,0.0057622964619425945,20
confirmation,0.0,0.25,CLS,ols_std,M,-0.008944135191007525,0.0037486245181230456,20
confirmation,0.0,0.25,CLS,ols_std,N,1.0,0.0,20
confirmation,0.0,0.25,CLS,ols_std,N_long_C1,-0.014450970854417511,0.006368151566966326,20
confirmation,0.0,0.25,CLS,ridge,M,-0.007911130284118316,0.003415523039139922,20
confirmation,0.0,0.25,CLS,ridge,N,0.9969818996317084,0.0023382193111737663,20
confirmation,0.0,0.25,CLS,ridge,N_long_C1,-0.012658562278150948,0.005875260293255111,20
confirmation,0.0,0.25,J,ols_raw,M,-0.008944135191007502,0.003748624518122966,20
confirmation,0.0,0.25,J,ols_raw,N,1.0,0.0,20
confirmation,0.0,0.25,J,ols_raw,N_long_C1,-0.014450970854417603,0.006368151566966217,20
confirmation,0.0,0.25,J,ols_std,M,-0.008944135191007545,0.003748624518122958,20
confirmation,0.0,0.25,J,ols_std,N,1.0,0.0,20
confirmation,0.0,0.25,J,ols_std,N_long_C1,-0.014450970854417555,0.006368151566966362,20
confirmation,0.0,0.25,J,ridge,M,-0.007723414906941865,0.0033422318536805956,20
confirmation,0.0,0.25,J,ridge,N,0.9910729760673698,0.007400168986571352,20
confirmation,0.0,0.25,J,ridge,N_long_C1,-0.012228911676861454,0.0057373498101808045,20
confirmation,0.0,0.25,P,ols_raw,M,-0.007938840647559217,0.0033498263349838074,20
confirmation,0.0,0.25,P,ols_raw,N,1.0,0.0,20
confirmation,0.0,0.25,P,ols_raw,N_long_C1,-0.01237546787014993,0.0055834691656699,20
confirmation,0.0,0.25,P,ols_std,M,-0.007938840647559176,0.0033498263349837775,20
confirmation,0.0,0.25,P,ols_std,N,1.0,0.0,20
confirmation,0.0,0.25,P,ols_std,N_long_C1,-0.012375467870149929,0.005583469165669861,20
confirmation,0.0,0.25,P,ridge,M,-0.006387168719111272,0.0032448852484288455,20
confirmation,0.0,0.25,P,ridge,N,0.6909605359792488,0.10204394700053791,20
confirmation,0.0,0.25,P,ridge,N_long_C1,-0.008937287140202397,0.004243553231569699,20
confirmation,0.0,0.25,R,ols_raw,M,-0.0041830284185929946,0.0030614860477788304,20
confirmation,0.0,0.25,R,ols_raw,N,-0.003771717959338154,0.0030826109178445677,20
confirmation,0.0,0.25,R,ols_raw,N_long_C1,-0.00551446125858317,0.0023543921562205815,20
confirmation,0.0,0.25,R,ols_std,M,-0.004183028418595338,0.0030614860477782614,20
confirmation,0.0,0.25,R,ols_std,N,-0.0037717179593353307,0.003082610917829246,20
confirmation,0.0,0.25,R,ols_std,N_long_C1,-0.005514461258581597,0.0023543921562202844,20
confirmation,0.0,0.25,R,ridge,M,-0.00418284397140353,0.0030614094180019314,20
confirmation,0.0,0.25,R,ridge,N,-0.003771588766691951,0.0030824524986155675,20
confirmation,0.0,0.25,R,ridge,N_long_C1,-0.005514155322949276,0.0023542461264184256,20
confirmation,0.0,0.5,ALL,ols_std,M,-0.00894413519100661,0.0037486245181098284,20
confirmation,0.0,0.5,ALL,ols_std,N,1.0,0.0,20
confirmation,0.0,0.5,ALL,ols_std,N_long_C1,-0.014450970854437722,0.006368151566928778,20
confirmation,0.0,0.5,ALL,ridge,M,-0.00813658213841141,0.003504815366853699,20
confirmation,0.0,0.5,ALL,ridge,N,0.9991440807008931,0.00040990395957427636,20
confirmation,0.0,0.5,ALL,ridge,N_long_C1,-0.013023206394630005,0.005958873676942776,20
confirmation,0.0,0.5,CLS,ols_std,M,-0.008944135191007441,0.0037486245181230808,20
confirmation,0.0,0.5,CLS,ols_std,N,1.0,0.0,20
confirmation,0.0,0.5,CLS,ols_std,N_long_C1,-0.014450970854417511,0.006368151566966346,20
confirmation,0.0,0.5,CLS,ridge,M,-0.00831529190200218,0.0035764715971149464,20
confirmation,0.0,0.5,CLS,ridge,N,0.9995744451111215,0.0002192197769652294,20
confirmation,0.0,0.5,CLS,ridge,N_long_C1,-0.013377384984462457,0.006073156654072992,20
confirmation,0.0,0.5,J,ols_raw,M,-0.008944135191007473,0.0037486245181230517,20
confirmation,0.0,0.5,J,ols_raw,N,1.0,0.0,20
confirmation,0.0,0.5,J,ols_raw,N_long_C1,-0.014450970854417508,0.006368151566966406,20
confirmation,0.0,0.5,J,ols_std,M,-0.008944135191007443,0.0037486245181230574,20
confirmation,0.0,0.5,J,ols_std,N,1.0,0.0,20
confirmation,0.0,0.5,J,ols_std,N_long_C1,-0.01445097085441748,0.006368151566966333,20
confirmation,0.0,0.5,J,ridge,M,-0.008086812348458875,0.0034899253658531105,20
confirmation,0.0,0.5,J,ridge,N,0.9987570503346367,0.0006572500958727683,20
confirmation,0.0,0.5,J,ridge,N_long_C1,-0.012941145488266425,0.00592663882141194,20
confirmation,0.0,0.5,P,ols_raw,M,-0.007938840647559207,0.003349826334983809,20
confirmation,0.0,0.5,P,ols_raw,N,1.0,0.0,20
confirmation,0.0,0.5,P,ols_raw,N_long_C1,-0.012375467870149988,0.005583469165669865,20
confirmation,0.0,0.5,P,ols_std,M,-0.00793884064755925,0.0033498263349837558,20
confirmation,0.0,0.5,P,ols_std,N,1.0,0.0,20
confirmation,0.0,0.5,P,ols_std,N_long_C1,-0.012375467870149965,0.005583469165669878,20
confirmation,0.0,0.5,P,ridge,M,-0.0070727081528398445,0.0032805535831285236,20
confirmation,0.0,0.5,P,ridge,N,0.8965264223972229,0.06747784939676667,20
confirmation,0.0,0.5,P,ridge,N_long_C1,-0.010601774885306892,0.005127050213559459,20
confirmation,0.0,0.5,R,ols_raw,M,-0.0041830284185929946,0.0030614860477788304,20
confirmation,0.0,0.5,R,ols_raw,N,-0.003771717959338154,0.0030826109178445677,20
confirmation,0.0,0.5,R,ols_raw,N_long_C1,-0.00551446125858317,0.0023543921562205815,20
confirmation,0.0,0.5,R,ols_std,M,-0.004183028418595338,0.0030614860477782614,20
confirmation,0.0,0.5,R,ols_std,N,-0.0037717179593353307,0.003082610917829246,20
confirmation,0.0,0.5,R,ols_std,N_long_C1,-0.005514461258581597,0.0023543921562202844,20
confirmation,0.0,0.5,R,ridge,M,-0.00418284397140353,0.0030614094180019314,20
confirmation,0.0,0.5,R,ridge,N,-0.003771588766691951,0.0030824524986155675,20
confirmation,0.0,0.5,R,ridge,N_long_C1,-0.005514155322949276,0.0023542461264184256,20
confirmation,0.0,0.75,ALL,ols_std,M,-0.00894413519100168,0.003748624518113545,20
confirmation,0.0,0.75,ALL,ols_std,N,1.0,0.0,20
confirmation,0.0,0.75,ALL,ols_std,N_long_C1,-0.014450970854436895,0.006368151566942094,20
confirmation,0.0,0.75,ALL,ridge,M,-0.008526414967028214,0.0036131511811937633,20
confirmation,0.0,0.75,ALL,ridge,N,0.9998541080309302,9.874058088991628e-05,20
confirmation,0.0,0.75,ALL,ridge,N_long_C1,-0.013655285266222375,0.006124701320506064,20
confirmation,0.0,0.75,CLS,ols_std,M,-0.008944135191007539,0.0037486245181231046,20
confirmation,0.0,0.75,CLS,ols_std,N,1.0,0.0,20
confirmation,0.0,0.75,CLS,ols_std,N_long_C1,-0.01445097085441747,0.0063681515669663175,20
confirmation,0.0,0.75,CLS,ridge,M,-0.008671633212792162,0.003655782306267449,20
confirmation,0.0,0.75,CLS,ridge,N,0.9999424574171398,3.354008950508923e-05,20
confirmation,0.0,0.75,CLS,ridge,N_long_C1,-0.013950424731703623,0.0062017317816244364,20
confirmation,0.0,0.75,J,ols_raw,M,-0.008944135191007525,0.0037486245181231003,20
confirmation,0.0,0.75,J,ols_raw,N,1.0,0.0,20
confirmation,0.0,0.75,J,ols_raw,N_long_C1,-0.014450970854417497,0.006368151566966327,20
confirmation,0.0,0.75,J,ols_std,M,-0.008944135191007478,0.003748624518123091,20
confirmation,0.0,0.75,J,ols_std,N,1.0,0.0,20
confirmation,0.0,0.75,J,ols_std,N_long_C1,-0.014450970854417497,0.006368151566966317,20
confirmation,0.0,0.75,J,ridge,M,-0.008479243621552288,0.0036039356241682123,20
confirmation,0.0,0.75,J,ridge,N,0.9997641691938481,0.00017017079319639158,20
confirmation,0.0,0.75,J,ridge,N_long_C1,-0.013573763010888912,0.006098302691013648,20
confirmation,0.0,0.75,P,ols_raw,M,-0.007938840647559182,0.003349826334983803,20
confirmation,0.0,0.75,P,ols_raw,N,1.0,0.0,20
confirmation,0.0,0.75,P,ols_raw,N_long_C1,-0.012375467870149964,0.0055834691656698335,20
confirmation,0.0,0.75,P,ols_std,M,-0.007938840647559205,0.0033498263349837905,20
confirmation,0.0,0.75,P,ols_std,N,1.0,0.0,20
confirmation,0.0,0.75,P,ols_std,N_long_C1,-0.01237546787015,0.005583469165669855,20
confirmation,0.0,0.75,P,ridge,M,-0.007397989527808077,0.0033059230767254768,20
confirmation,0.0,0.75,P,ridge,N,0.9607377630540233,0.03389218905055394,20
confirmation,0.0,0.75,P,ridge,N_long_C1,-0.01130587974921126,0.00533563787576037,20
confirmation,0.0,0.75,R,ols_raw,M,-0.0041830284185929946,0.0030614860477788304,20
confirmation,0.0,0.75,R,ols_raw,N,-0.003771717959338154,0.0030826109178445677,20
confirmation,0.0,0.75,R,ols_raw,N_long_C1,-0.00551446125858317,0.0023543921562205815,20
confirmation,0.0,0.75,R,ols_std,M,-0.004183028418595338,0.0030614860477782614,20
confirmation,0.0,0.75,R,ols_std,N,-0.0037717179593353307,0.003082610917829246,20
confirmation,0.0,0.75,R,ols_std,N_long_C1,-0.005514461258581597,0.0023543921562202844,20
confirmation,0.0,0.75,R,ridge,M,-0.00418284397140353,0.0030614094180019314,20
confirmation,0.0,0.75,R,ridge,N,-0.003771588766691951,0.0030824524986155675,20
confirmation,0.0,0.75,R,ridge,N_long_C1,-0.005514155322949276,0.0023542461264184256,20
confirmation,0.0,1.0,ALL,ols_std,M,-0.00894413519100339,0.003748624518119881,20
confirmation,0.0,1.0,ALL,ols_std,N,1.0,0.0,20
confirmation,0.0,1.0,ALL,ols_std,N_long_C1,-0.01445097085443176,0.006368151566956556,20
confirmation,0.0,1.0,ALL,ridge,M,-0.008770397332435483,0.003673933292730797,20
confirmation,0.0,1.0,ALL,ridge,N,0.9999772418281182,2.503286670173177e-05,20
confirmation,0.0,1.0,ALL,ridge,N_long_C1,-0.014096680264064465,0.006246281921096349,20
confirmation,0.0,1.0,CLS,ols_std,M,-0.008944135191007518,0.0037486245181230695,20
confirmation,0.0,1.0,CLS,ols_std,N,1.0,0.0,20
confirmation,0.0,1.0,CLS,ols_std,N_long_C1,-0.014450970854417489,0.006368151566966319,20
confirmation,0.0,1.0,CLS,ridge,M,-0.008838641619222622,0.0037012243558069836,20
confirmation,0.0,1.0,CLS,ridge,N,0.9999913001689567,1.08420165479067e-05,20
confirmation,0.0,1.0,CLS,ridge,N_long_C1,-0.014245252508879005,0.006295967568211032,20
confirmation,0.0,1.0,J,ols_raw,M,-0.00894413519100749,0.0037486245181230465,20
confirmation,0.0,1.0,J,ols_raw,N,1.0,0.0,20
confirmation,0.0,1.0,J,ols_raw,N_long_C1,-0.01445097085441748,0.006368151566966328,20
confirmation,0.0,1.0,J,ols_std,M,-0.00894413519100752,0.0037486245181230842,20
confirmation,0.0,1.0,J,ols_std,N,1.0,0.0,20
confirmation,0.0,1.0,J,ols_std,N_long_C1,-0.01445097085441748,0.0063681515669663435,20
confirmation,0.0,1.0,J,ridge,M,-0.008752597461482825,0.003669653793026442,20
confirmation,0.0,1.0,J,ridge,N,0.9999651149123489,3.778220546879472e-05,20
confirmation,0.0,1.0,J,ridge,N_long_C1,-0.014061143100435835,0.006233946616531299,20
confirmation,0.0,1.0,P,ols_raw,M,-0.007938840647559226,0.0033498263349838013,20
confirmation,0.0,1.0,P,ols_raw,N,1.0,0.0,20
confirmation,0.0,1.0,P,ols_raw,N_long_C1,-0.012375467870149991,0.005583469165669845,20
confirmation,0.0,1.0,P,ols_std,M,-0.007938840647559203,0.003349826334983808,20
confirmation,0.0,1.0,P,ols_std,N,1.0,0.0,20
confirmation,0.0,1.0,P,ols_std,N_long_C1,-0.012375467870149998,0.005583469165669858,20
confirmation,0.0,1.0,P,ridge,M,-0.007691040218529968,0.0032908689698389697,20
confirmation,0.0,1.0,P,ridge,N,0.9935081657374635,0.005042010396430492,20
confirmation,0.0,1.0,P,ridge,N_long_C1,-0.01188615320283084,0.005450685737642725,20
confirmation,0.0,1.0,R,ols_raw,M,-0.0041830284185929946,0.0030614860477788304,20
confirmation,0.0,1.0,R,ols_raw,N,-0.003771717959338154,0.0030826109178445677,20
confirmation,0.0,1.0,R,ols_raw,N_long_C1,-0.00551446125858317,0.0023543921562205815,20
confirmation,0.0,1.0,R,ols_std,M,-0.004183028418595338,0.0030614860477782614,20
confirmation,0.0,1.0,R,ols_std,N,-0.0037717179593353307,0.003082610917829246,20
confirmation,0.0,1.0,R,ols_std,N_long_C1,-0.005514461258581597,0.0023543921562202844,20
confirmation,0.0,1.0,R,ridge,M,-0.00418284397140353,0.0030614094180019314,20
confirmation,0.0,1.0,R,ridge,N,-0.003771588766691951,0.0030824524986155675,20
confirmation,0.0,1.0,R,ridge,N_long_C1,-0.005514155322949276,0.0023542461264184256,20
confirmation,0.25,0.0,ALL,ols_std,M,0.4434303933775897,0.028220890064538217,20
confirmation,0.25,0.0,ALL,ols_std,N,0.31667356430339594,0.015379351736801642,20
confirmation,0.25,0.0,ALL,ols_std,N_long_C1,0.009370354540938715,0.03322482241845593,20
confirmation,0.25,0.0,ALL,ridge,M,0.13837527933119526,0.006401712929303065,20
confirmation,0.25,0.0,ALL,ridge,N,0.3273960786704301,0.0068100402421095866,20
confirmation,0.25,0.0,ALL,ridge,N_long_C1,-0.011977851965891172,0.0050239464174762615,20
confirmation,0.25,0.0,CLS,ols_std,M,0.06403715744103458,0.011431244617943285,20
confirmation,0.25,0.0,CLS,ols_std,N,0.3235846243763731,0.011141791855748038,20
confirmation,0.25,0.0,CLS,ols_std,N_long_C1,-0.009782063960124574,0.012404058641102169,20
confirmation,0.25,0.0,CLS,ridge,M,-0.006931220792843207,0.005071823531496018,20
confirmation,0.25,0.0,CLS,ridge,N,0.32869406253455213,0.0067607795469875965,20
confirmation,0.25,0.0,CLS,ridge,N_long_C1,-0.011230527743988786,0.004847640506555205,20
confirmation,0.25,0.0,J,ols_raw,M,0.0640371574410309,0.01143124461794368,20
confirmation,0.25,0.0,J,ols_raw,N,0.32358462437637747,0.011141791855725882,20
confirmation,0.25,0.0,J,ols_raw,N_long_C1,-0.00978206396012395,0.012404058641104365,20
confirmation,0.25,0.0,J,ols_std,M,0.06403715744103672,0.011431244617932919,20
confirmation,0.25,0.0,J,ols_std,N,0.32358462437637914,0.011141791855725251,20
confirmation,0.25,0.0,J,ols_std,N_long_C1,-0.009782063960123103,0.012404058641100247,20
confirmation,0.25,0.0,J,ridge,M,-0.0070900864287824165,0.0043456091643060395,20
confirmation,0.25,0.0,J,ridge,N,0.3293624649412873,0.0057308817222898635,20
confirmation,0.25,0.0,J,ridge,N_long_C1,-0.010529145743064771,0.004532865877532083,20
confirmation,0.25,0.0,P,ols_raw,M,-0.004183028418592955,0.0030614860477787753,20
confirmation,0.25,0.0,P,ols_raw,N,-0.003771717959338059,0.003082610917844568,20
confirmation,0.25,0.0,P,ols_raw,N_long_C1,-0.0055144612585830855,0.0023543921562205255,20
confirmation,0.25,0.0,P,ols_std,M,-0.004183028418592961,0.0030614860477787757,20
confirmation,0.25,0.0,P,ols_std,N,-0.00377171795933806,0.003082610917844547,20
confirmation,0.25,0.0,P,ols_std,N_long_C1,-0.005514461258583083,0.0023543921562205364,20
confirmation,0.25,0.0,P,ridge,M,-0.004182920819810216,0.003061441344959964,20
confirmation,0.25,0.0,P,ridge,N,-0.003771642593052913,0.0030825185022912574,20
confirmation,0.25,0.0,P,ridge,N_long_C1,-0.005514282788288818,0.0023543069686288187,20
confirmation,0.25,0.0,R,ols_raw,M,0.3265166263192661,0.03386603545901666,20
confirmation,0.25,0.0,R,ols_raw,N,-0.013534737895440182,0.010764667248425449,20
confirmation,0.25,0.0,R,ols_raw,N_long_C1,-0.013692123744903254,0.004069136502265893,20
confirmation,0.25,0.0,R,ols_std,M,0.32651662631926215,0.033866035459019235,20
confirmation,0.25,0.0,R,ols_std,N,-0.013534737895439557,0.010764667248426538,20
confirmation,0.25,0.0,R,ols_std,N_long_C1,-0.013692123744902973,0.004069136502265182,20
confirmation,0.25,0.0,R,ridge,M,0.13882086289126624,0.005564510046875437,20
confirmation,0.25,0.0,R,ridge,N,-0.006432900418998351,0.005501683117570373,20
confirmation,0.25,0.0,R,ridge,N_long_C1,-0.007565955743053405,0.002641062690273278,20
confirmation,0.25,0.25,ALL,ols_std,M,0.5089712771201472,0.02683908001238536,20
confirmation,0.25,0.25,ALL,ols_std,N,1.0,0.0,20
confirmation,0.25,0.25,ALL,ols_std,N_long_C1,0.3621568875500131,0.03124852278690059,20
confirmation,0.25,0.25,ALL,ridge,M,0.13706150292436886,0.0063922350679662164,20
confirmation,0.25,0.25,ALL,ridge,N,0.9933327626681951,0.0046339952623228415,20
confirmation,0.25,0.25,ALL,ridge,N_long_C1,-0.017080704270012924,0.007358177326384829,20
confirmation,0.25,0.25,CLS,ols_std,M,0.29158096760830354,0.01671389139442774,20
confirmation,0.25,0.25,CLS,ols_std,N,0.9999999950660415,4.615874660870372e-09,20
confirmation,0.25,0.25,CLS,ols_std,N_long_C1,0.22431954331483145,0.02644026583423304,20
confirmation,0.25,0.25,CLS,ridge,M,0.0011452164358795405,0.010063653176443428,20
confirmation,0.25,0.25,CLS,ridge,N,0.9955035765310631,0.0027987858699699583,20
confirmation,0.25,0.25,CLS,ridge,N_long_C1,-0.016597837589113394,0.007213595343943488,20
confirmation,0.25,0.25,J,ols_raw,M,0.2913060527463004,0.01651429017293678,20
confirmation,0.25,0.25,J,ols_raw,N,0.9999999947462829,4.878004505437758e-09,20
confirmation,0.25,0.25,J,ols_raw,N_long_C1,0.22181737261019618,0.025106726139853177,20
confirmation,0.25,0.25,J,ols_std,M,0.2913060527392972,0.01651429017972502,20
confirmation,0.25,0.25,J,ols_std,N,0.9999999947462829,4.878004508496512e-09,20
confirmation,0.25,0.25,J,ols_std,N_long_C1,0.2218173726093542,0.025106726114627206,20
confirmation,0.25,0.25,J,ridge,M,-0.0044164150078793325,0.005820271256049692,20
confirmation,0.25,0.25,J,ridge,N,0.987958086830638,0.0085140669026685,20
confirmation,0.25,0.25,J,ridge,N_long_C1,-0.015348903414536378,0.00689109638475661,20
confirmation,0.25,0.25,P,ols_raw,M,-0.007938840647559217,0.0033498263349838074,20
confirmation,0.25,0.25,P,ols_raw,N,1.0,0.0,20
confirmation,0.25,0.25,P,ols_raw,N_long_C1,-0.01237546787014993,0.0055834691656699,20
confirmation,0.25,0.25,P,ols_std,M,-0.007938840647559176,0.0033498263349837775,20
confirmation,0.25,0.25,P,ols_std,N,1.0,0.0,20
confirmation,0.25,0.25,P,ols_std,N_long_C1,-0.012375467870149929,0.005583469165669861,20
confirmation,0.25,0.25,P,ridge,M,-0.006387168719111272,0.0032448852484288455,20
confirmation,0.25,0.25,P,ridge,N,0.6909605359792488,0.10204394700053791,20
confirmation,0.25,0.25,P,ridge,N_long_C1,-0.008937287140202397,0.004243553231569699,20
confirmation,0.25,0.25,R,ols_raw,M,0.3265166263192661,0.03386603545901666,20
confirmation,0.25,0.25,R,ols_raw,N,-0.013534737895440182,0.010764667248425449,20
confirmation,0.25,0.25,R,ols_raw,N_long_C1,-0.013692123744903254,0.004069136502265893,20
confirmation,0.25,0.25,R,ols_std,M,0.32651662631926215,0.033866035459019235,20
confirmation,0.25,0.25,R,ols_std,N,-0.013534737895439557,0.010764667248426538,20
confirmation,0.25,0.25,R,ols_std,N_long_C1,-0.013692123744902973,0.004069136502265182,20
confirmation,0.25,0.25,R,ridge,M,0.13882086289126624,0.005564510046875437,20
confirmation,0.25,0.25,R,ridge,N,-0.006432900418998351,0.005501683117570373,20
confirmation,0.25,0.25,R,ridge,N_long_C1,-0.007565955743053405,0.002641062690273278,20
confirmation,0.25,0.5,ALL,ols_std,M,0.5088527577965173,0.026862805597853395,20
confirmation,0.25,0.5,ALL,ols_std,N,1.0,0.0,20
confirmation,0.25,0.5,ALL,ols_std,N_long_C1,0.36275829396473963,0.030757726817974847,20
confirmation,0.25,0.5,ALL,ridge,M,0.1367155778721804,0.006439889613549747,20
confirmation,0.25,0.5,ALL,ridge,N,0.9986038474007228,0.0006798091571252432,20
confirmation,0.25,0.5,ALL,ridge,N_long_C1,-0.018023469890240503,0.00756342461981681,20
confirmation,0.25,0.5,CLS,ols_std,M,0.29158096760156826,0.016713891394322743,20
confirmation,0.25,0.5,CLS,ols_std,N,0.9999999950660415,4.6158746580427e-09,20
confirmation,0.25,0.5,CLS,ols_std,N_long_C1,0.22431954331968748,0.026440265831168437,20
confirmation,0.25,0.5,CLS,ridge,M,0.008352192473927825,0.011870115032362771,20
confirmation,0.25,0.5,CLS,ridge,N,0.9989904414278344,0.0003838704328190999,20
confirmation,0.25,0.5,CLS,ridge,N_long_C1,-0.01761361954544276,0.007409249857303818,20
confirmation,0.25,0.5,J,ols_raw,M,0.29082195878964245,0.016863464909064364,20
confirmation,0.25,0.5,J,ols_raw,N,0.9999999947324095,4.946013294552701e-09,20
confirmation,0.25,0.5,J,ols_raw,N_long_C1,0.22215308240300594,0.025057305556128097,20
confirmation,0.25,0.5,J,ols_std,M,0.29082195878826383,0.01686346490967113,20
confirmation,0.25,0.5,J,ols_std,N,0.9999999947324095,4.946013294552701e-09,20
confirmation,0.25,0.5,J,ols_std,N_long_C1,0.22215308240761084,0.02505730555236738,20
confirmation,0.25,0.5,J,ridge,M,5.486710596316426e-05,0.008174518466764435,20
confirmation,0.25,0.5,J,ridge,N,0.9977868581803543,0.0010082644485688195,20
confirmation,0.25,0.5,J,ridge,N_long_C1,-0.016383484191759078,0.00702975464876394,20
confirmation,0.25,0.5,P,ols_raw,M,-0.007938840647559207,0.003349826334983809,20
confirmation,0.25,0.5,P,ols_raw,N,1.0,0.0,20
confirmation,0.25,0.5,P,ols_raw,N_long_C1,-0.012375467870149988,0.005583469165669865,20
confirmation,0.25,0.5,P,ols_std,M,-0.00793884064755925,0.0033498263349837558,20
confirmation,0.25,0.5,P,ols_std,N,1.0,0.0,20
confirmation,0.25,0.5,P,ols_std,N_long_C1,-0.012375467870149965,0.005583469165669878,20
confirmation,0.25,0.5,P,ridge,M,-0.0070727081528398445,0.0032805535831285236,20
confirmation,0.25,0.5,P,ridge,N,0.8965264223972229,0.06747784939676667,20
confirmation,0.25,0.5,P,ridge,N_long_C1,-0.010601774885306892,0.005127050213559459,20
confirmation,0.25,0.5,R,ols_raw,M,0.3265166263192661,0.03386603545901666,20
confirmation,0.25,0.5,R,ols_raw,N,-0.013534737895440182,0.010764667248425449,20
confirmation,0.25,0.5,R,ols_raw,N_long_C1,-0.013692123744903254,0.004069136502265893,20
confirmation,0.25,0.5,R,ols_std,M,0.32651662631926215,0.033866035459019235,20
confirmation,0.25,0.5,R,ols_std,N,-0.013534737895439557,0.010764667248426538,20
confirmation,0.25,0.5,R,ols_std,N_long_C1,-0.013692123744902973,0.004069136502265182,20
confirmation,0.25,0.5,R,ridge,M,0.13882086289126624,0.005564510046875437,20
confirmation,0.25,0.5,R,ridge,N,-0.006432900418998351,0.005501683117570373,20
confirmation,0.25,0.5,R,ridge,N_long_C1,-0.007565955743053405,0.002641062690273278,20
confirmation,0.25,0.75,ALL,ols_std,M,0.5086741227452277,0.026925289753622832,20
confirmation,0.25,0.75,ALL,ols_std,N,1.0,0.0,20
confirmation,0.25,0.75,ALL,ols_std,N_long_C1,0.363374532818592,0.030297044326391943,20
confirmation,0.25,0.75,ALL,ridge,M,0.13632640131700652,0.0064773966544576945,20
confirmation,0.25,0.75,ALL,ridge,N,0.9996186363206279,0.000174478137751818,20
confirmation,0.25,0.75,ALL,ridge,N_long_C1,-0.018903188576028605,0.0077624705867852155,20
confirmation,0.25,0.75,CLS,ols_std,M,0.29158096759829377,0.016713891395086056,20
confirmation,0.25,0.75,CLS,ols_std,N,0.9999999950660415,4.6158746580427e-09,20
confirmation,0.25,0.75,CLS,ols_std,N_long_C1,0.22431954332281506,0.026440265819088093,20
confirmation,0.25,0.75,CLS,ridge,M,0.014654845446158813,0.011222733478686566,20
confirmation,0.25,0.75,CLS,ridge,N,0.9996447185640237,0.00013023236125017616,20
confirmation,0.25,0.75,CLS,ridge,N_long_C1,-0.018411001949451042,0.007637383815574831,20
confirmation,0.25,0.75,J,ols_raw,M,0.2901598897401816,0.017461477368337197,20
confirmation,0.25,0.75,J,ols_raw,N,0.9999999947520155,4.942958940899342e-09,20
confirmation,0.25,0.75,J,ols_raw,N_long_C1,0.22233096361486418,0.025224106079562627,20
confirmation,0.25,0.75,J,ols_std,M,0.29015988974286,0.017461477365230963,20
confirmation,0.25,0.75,J,ols_std,N,0.9999999947520155,4.942958940899342e-09,20
confirmation,0.25,0.75,J,ols_std,N_long_C1,0.22233096361209376,0.025224106082871473,20
confirmation,0.25,0.75,J,ridge,M,0.004320129301529201,0.008807158741647378,20
confirmation,0.25,0.75,J,ridge,N,0.999340957175146,0.0003017148242400329,20
confirmation,0.25,0.75,J,ridge,N_long_C1,-0.017230802846384237,0.007264807283083881,20
confirmation,0.25,0.75,P,ols_raw,M,-0.007938840647559182,0.003349826334983803,20
confirmation,0.25,0.75,P,ols_raw,N,1.0,0.0,20
confirmation,0.25,0.75,P,ols_raw,N_long_C1,-0.012375467870149964,0.0055834691656698335,20
confirmation,0.25,0.75,P,ols_std,M,-0.007938840647559205,0.0033498263349837905,20
confirmation,0.25,0.75,P,ols_std,N,1.0,0.0,20
confirmation,0.25,0.75,P,ols_std,N_long_C1,-0.01237546787015,0.005583469165669855,20
confirmation,0.25,0.75,P,ridge,M,-0.007397989527808077,0.0033059230767254768,20
confirmation,0.25,0.75,P,ridge,N,0.9607377630540233,0.03389218905055394,20
confirmation,0.25,0.75,P,ridge,N_long_C1,-0.01130587974921126,0.00533563787576037,20
confirmation,0.25,0.75,R,ols_raw,M,0.3265166263192661,0.03386603545901666,20
confirmation,0.25,0.75,R,ols_raw,N,-0.013534737895440182,0.010764667248425449,20
confirmation,0.25,0.75,R,ols_raw,N_long_C1,-0.013692123744903254,0.004069136502265893,20
confirmation,0.25,0.75,R,ols_std,M,0.32651662631926215,0.033866035459019235,20
confirmation,0.25,0.75,R,ols_std,N,-0.013534737895439557,0.010764667248426538,20
confirmation,0.25,0.75,R,ols_std,N_long_C1,-0.013692123744902973,0.004069136502265182,20
confirmation,0.25,0.75,R,ridge,M,0.13882086289126624,0.005564510046875437,20
confirmation,0.25,0.75,R,ridge,N,-0.006432900418998351,0.005501683117570373,20
confirmation,0.25,0.75,R,ridge,N_long_C1,-0.007565955743053405,0.002641062690273278,20
confirmation,0.25,1.0,ALL,ols_std,M,0.5084346327214856,0.0270334602136706,20
confirmation,0.25,1.0,ALL,ols_std,N,1.0,0.0,20
confirmation,0.25,1.0,ALL,ols_std,N_long_C1,0.3640881444239845,0.03001332346657478,20
confirmation,0.25,1.0,ALL,ridge,M,0.13601472166786274,0.0064311148142007155,20
confirmation,0.25,1.0,ALL,ridge,N,0.9998346339533855,8.189234360698815e-05,20
confirmation,0.25,1.0,ALL,ridge,N_long_C1,-0.01968482425013397,0.00801078163692153,20
confirmation,0.25,1.0,CLS,ols_std,M,0.2915809675995709,0.016713891394776664,20
confirmation,0.25,1.0,CLS,ols_std,N,0.9999999950660415,4.6158746580427e-09,20
confirmation,0.25,1.0,CLS,ols_std,N_long_C1,0.22431954332120588,0.026440265825485334,20
confirmation,0.25,1.0,CLS,ridge,M,0.01972138224192372,0.011894717851397462,20
confirmation,0.25,1.0,CLS,ridge,N,0.9998088567206281,9.469127718956921e-05,20
confirmation,0.25,1.0,CLS,ridge,N_long_C1,-0.01907767872078147,0.007989153819826714,20
confirmation,0.25,1.0,J,ols_raw,M,0.2899048075915681,0.01801662696217274,20
confirmation,0.25,1.0,J,ols_raw,N,0.9999999947836511,4.842206831028345e-09,20
confirmation,0.25,1.0,J,ols_raw,N_long_C1,0.22227040257836223,0.025418586624107956,20
confirmation,0.25,1.0,J,ols_std,M,0.2899048075927888,0.018016626961764492,20
confirmation,0.25,1.0,J,ols_std,N,0.9999999947836511,4.842206831028345e-09,20
confirmation,0.25,1.0,J,ols_std,N_long_C1,0.22227040257842337,0.02541858662549285,20
confirmation,0.25,1.0,J,ridge,M,0.008317052886488251,0.010080021970331582,20
confirmation,0.25,1.0,J,ridge,N,0.9997160641816274,0.00013559032283177796,20
confirmation,0.25,1.0,J,ridge,N_long_C1,-0.017927392428507594,0.007538644710356503,20
confirmation,0.25,1.0,P,ols_raw,M,-0.007938840647559226,0.0033498263349838013,20
confirmation,0.25,1.0,P,ols_raw,N,1.0,0.0,20
confirmation,0.25,1.0,P,ols_raw,N_long_C1,-0.012375467870149991,0.005583469165669845,20
confirmation,0.25,1.0,P,ols_std,M,-0.007938840647559203,0.003349826334983808,20
confirmation,0.25,1.0,P,ols_std,N,1.0,0.0,20
confirmation,0.25,1.0,P,ols_std,N_long_C1,-0.012375467870149998,0.005583469165669858,20
confirmation,0.25,1.0,P,ridge,M,-0.007691040218529968,0.0032908689698389697,20
confirmation,0.25,1.0,P,ridge,N,0.9935081657374635,0.005042010396430492,20
confirmation,0.25,1.0,P,ridge,N_long_C1,-0.01188615320283084,0.005450685737642725,20
confirmation,0.25,1.0,R,ols_raw,M,0.3265166263192661,0.03386603545901666,20
confirmation,0.25,1.0,R,ols_raw,N,-0.013534737895440182,0.010764667248425449,20
confirmation,0.25,1.0,R,ols_raw,N_long_C1,-0.013692123744903254,0.004069136502265893,20
confirmation,0.25,1.0,R,ols_std,M,0.32651662631926215,0.033866035459019235,20
confirmation,0.25,1.0,R,ols_std,N,-0.013534737895439557,0.010764667248426538,20
confirmation,0.25,1.0,R,ols_std,N_long_C1,-0.013692123744902973,0.004069136502265182,20
confirmation,0.25,1.0,R,ridge,M,0.13882086289126624,0.005564510046875437,20
confirmation,0.25,1.0,R,ridge,N,-0.006432900418998351,0.005501683117570373,20
confirmation,0.25,1.0,R,ridge,N_long_C1,-0.007565955743053405,0.002641062690273278,20
confirmation,0.5,0.0,ALL,ols_std,M,0.4665974790882229,0.029075075738371432,20
confirmation,0.5,0.0,ALL,ols_std,N,0.31762823738892326,0.01410646249173749,20
confirmation,0.5,0.0,ALL,ols_std,N_long_C1,0.0236685774418057,0.029775173858023953,20
confirmation,0.5,0.0,ALL,ridge,M,0.27076567688461417,0.03033722827214188,20
confirmation,0.5,0.0,ALL,ridge,N,0.3254951496011569,0.008540162833760865,20
confirmation,0.5,0.0,ALL,ridge,N_long_C1,-0.010547245241067002,0.006568487175438012,20
confirmation,0.5,0.0,CLS,ols_std,M,0.046618348017157946,0.01517036237657939,20
confirmation,0.5,0.0,CLS,ols_std,N,0.32440757238940726,0.011064966906499536,20
confirmation,0.5,0.0,CLS,ols_std,N_long_C1,-0.00420832010507813,0.010957395020573812,20
confirmation,0.5,0.0,CLS,ridge,M,0.009813997591467824,0.017410395804823845,20
confirmation,0.5,0.0,CLS,ridge,N,0.3269334514606997,0.008159793617281924,20
confirmation,0.5,0.0,CLS,ridge,N_long_C1,-0.009564366650708065,0.005904369396544806,20
confirmation,0.5,0.0,J,ols_raw,M,0.04661834801715757,0.01517036237657949,20
confirmation,0.5,0.0,J,ols_raw,N,0.3244075723894066,0.01106496690650029,20
confirmation,0.5,0.0,J,ols_raw,N_long_C1,-0.004208320105078357,0.010957395020573768,20
confirmation,0.5,0.0,J,ols_std,M,0.04661834801715816,0.015170362376579571,20
confirmation,0.5,0.0,J,ols_std,N,0.3244075723894077,0.011064966906499012,20
confirmation,0.5,0.0,J,ols_std,N_long_C1,-0.0042083201050776686,0.010957395020574068,20
confirmation,0.5,0.0,J,ridge,M,0.0045623481580196095,0.013673368648046715,20
confirmation,0.5,0.0,J,ridge,N,0.3274359290956387,0.00755640519029063,20
confirmation,0.5,0.0,J,ridge,N_long_C1,-0.010185520902598787,0.005478111569924768,20
confirmation,0.5,0.0,P,ols_raw,M,-0.004183028418592955,0.0030614860477787753,20
confirmation,0.5,0.0,P,ols_raw,N,-0.003771717959338059,0.003082610917844568,20
confirmation,0.5,0.0,P,ols_raw,N_long_C1,-0.0055144612585830855,0.0023543921562205255,20
confirmation,0.5,0.0,P,ols_std,M,-0.004183028418592961,0.0030614860477787757,20
confirmation,0.5,0.0,P,ols_std,N,-0.00377171795933806,0.003082610917844547,20
confirmation,0.5,0.0,P,ols_std,N_long_C1,-0.005514461258583083,0.0023543921562205364,20
confirmation,0.5,0.0,P,ridge,M,-0.004182920819810216,0.003061441344959964,20
confirmation,0.5,0.0,P,ridge,N,-0.003771642593052913,0.0030825185022912574,20
confirmation,0.5,0.0,P,ridge,N_long_C1,-0.005514282788288818,0.0023543069686288187,20
confirmation,0.5,0.0,R,ols_raw,M,0.37547260917899383,0.037801457403638807,20
confirmation,0.5,0.0,R,ols_raw,N,-0.012377529337426163,0.010051868206934211,20
confirmation,0.5,0.0,R,ols_raw,N_long_C1,-0.013492291873488337,0.004316333129789766,20
confirmation,0.5,0.0,R,ols_std,M,0.3754726091789938,0.03780145740363915,20
confirmation,0.5,0.0,R,ols_std,N,-0.012377529337426196,0.010051868206934253,20
confirmation,0.5,0.0,R,ols_std,N_long_C1,-0.013492291873488304,0.00431633312978968,20
confirmation,0.5,0.0,R,ridge,M,0.23718723794395813,0.02873405334819487,20
confirmation,0.5,0.0,R,ridge,N,-0.007475967035947484,0.006556070173404964,20
confirmation,0.5,0.0,R,ridge,N_long_C1,-0.008661200266401806,0.0027651506029908483,20
confirmation,0.5,0.25,ALL,ols_std,M,0.5296246673388743,0.010921821430177706,20
confirmation,0.5,0.25,ALL,ols_std,N,1.0,0.0,20
confirmation,0.5,0.25,ALL,ols_std,N_long_C1,0.39364476751861693,0.03656743125127874,20
confirmation,0.5,0.25,ALL,ridge,M,0.2702042182329185,0.030907355979605936,20
confirmation,0.5,0.25,ALL,ridge,N,0.9907455421231885,0.005766586450496704,20
confirmation,0.5,0.25,ALL,ridge,N_long_C1,-0.010597731704983678,0.008804350157197147,20
confirmation,0.5,0.25,CLS,ols_std,M,0.3110356915442788,0.017507255471155368,20
confirmation,0.5,0.25,CLS,ols_std,N,0.9999988880074502,8.708260728380554e-07,20
confirmation,0.5,0.25,CLS,ols_std,N_long_C1,0.2545755906860844,0.032744549023412325,20
confirmation,0.5,0.25,CLS,ridge,M,0.059131176244004255,0.0266148431308761,20
confirmation,0.5,0.25,CLS,ridge,N,0.9907896520013914,0.00545670501313769,20
confirmation,0.5,0.25,CLS,ridge,N_long_C1,-0.008529494314395434,0.008232635505335574,20
confirmation,0.5,0.25,J,ols_raw,M,0.31082400786021547,0.017436807138934814,20
confirmation,0.5,0.25,J,ols_raw,N,0.9999988137623939,9.61290779498523e-07,20
confirmation,0.5,0.25,J,ols_raw,N_long_C1,0.2500548495759817,0.03122582228721833,20
confirmation,0.5,0.25,J,ols_std,M,0.31082400785994135,0.017436807139150856,20
confirmation,0.5,0.25,J,ols_std,N,0.9999988137623939,9.612907795627743e-07,20
confirmation,0.5,0.25,J,ols_std,N_long_C1,0.25005484957497554,0.031225822286426168,20
confirmation,0.5,0.25,J,ridge,M,0.038334310493029364,0.02524591970607864,20
confirmation,0.5,0.25,J,ridge,N,0.9806003731658202,0.012117216840641019,20
confirmation,0.5,0.25,J,ridge,N_long_C1,-0.011446000402900112,0.007455992839161666,20
confirmation,0.5,0.25,P,ols_raw,M,-0.007938840647559217,0.0033498263349838074,20
confirmation,0.5,0.25,P,ols_raw,N,1.0,0.0,20
confirmation,0.5,0.25,P,ols_raw,N_long_C1,-0.01237546787014993,0.0055834691656699,20
confirmation,0.5,0.25,P,ols_std,M,-0.007938840647559176,0.0033498263349837775,20
confirmation,0.5,0.25,P,ols_std,N,1.0,0.0,20
confirmation,0.5,0.25,P,ols_std,N_long_C1,-0.012375467870149929,0.005583469165669861,20
confirmation,0.5,0.25,P,ridge,M,-0.006387168719111272,0.0032448852484288455,20
confirmation,0.5,0.25,P,ridge,N,0.6909605359792488,0.10204394700053791,20
confirmation,0.5,0.25,P,ridge,N_long_C1,-0.008937287140202397,0.004243553231569699,20
confirmation,0.5,0.25,R,ols_raw,M,0.37547260917899383,0.037801457403638807,20
confirmation,0.5,0.25,R,ols_raw,N,-0.012377529337426163,0.010051868206934211,20
confirmation,0.5,0.25,R,ols_raw,N_long_C1,-0.013492291873488337,0.004316333129789766,20
confirmation,0.5,0.25,R,ols_std,M,0.3754726091789938,0.03780145740363915,20
confirmation,0.5,0.25,R,ols_std,N,-0.012377529337426196,0.010051868206934253,20
confirmation,0.5,0.25,R,ols_std,N_long_C1,-0.013492291873488304,0.00431633312978968,20
confirmation,0.5,0.25,R,ridge,M,0.23718723794395813,0.02873405334819487,20
confirmation,0.5,0.25,R,ridge,N,-0.007475967035947484,0.006556070173404964,20
confirmation,0.5,0.25,R,ridge,N_long_C1,-0.008661200266401806,0.0027651506029908483,20
confirmation,0.5,0.5,ALL,ols_std,M,0.5295370899600688,0.010965040369340272,20
confirmation,0.5,0.5,ALL,ols_std,N,1.0,0.0,20
confirmation,0.5,0.5,ALL,ols_std,N_long_C1,0.39427989611244374,0.03580709020391763,20
confirmation,0.5,0.5,ALL,ridge,M,0.27037886724945576,0.030890221524289496,20
confirmation,0.5,0.5,ALL,ridge,N,0.9977219235343606,0.001056305805561119,20
confirmation,0.5,0.5,ALL,ridge,N_long_C1,-0.007559069429214661,0.00968079487180769,20
confirmation,0.5,0.5,CLS,ols_std,M,0.31103569154414795,0.01750725547111967,20
confirmation,0.5,0.5,CLS,ols_std,N,0.9999988880074502,8.708260728255762e-07,20
confirmation,0.5,0.5,CLS,ols_std,N_long_C1,0.25457559068649244,0.03274454902400781,20
confirmation,0.5,0.5,CLS,ridge,M,0.0785022292395072,0.019457697075894474,20
confirmation,0.5,0.5,CLS,ridge,N,0.9978591279860678,0.0009271762133172897,20
confirmation,0.5,0.5,CLS,ridge,N_long_C1,-0.0055975655059269346,0.009146668681701341,20
confirmation,0.5,0.5,J,ols_raw,M,0.31023067567538753,0.01749150905753745,20
confirmation,0.5,0.5,J,ols_raw,N,0.9999987831933936,1.044399203525165e-06,20
confirmation,0.5,0.5,J,ols_raw,N_long_C1,0.2509959952318538,0.031142709215658593,20
confirmation,0.5,0.5,J,ols_std,M,0.31023067567537405,0.01749150905787129,20
confirmation,0.5,0.5,J,ols_std,N,0.9999987831933936,1.044399203525165e-06,20
confirmation,0.5,0.5,J,ols_std,N_long_C1,0.2509959952321229,0.031142709215573522,20
confirmation,0.5,0.5,J,ridge,M,0.05828334310436369,0.020620481997744477,20
confirmation,0.5,0.5,J,ridge,N,0.9958627890284145,0.0020603328995283552,20
confirmation,0.5,0.5,J,ridge,N_long_C1,-0.009827170760398619,0.007991200672125673,20
confirmation,0.5,0.5,P,ols_raw,M,-0.007938840647559207,0.003349826334983809,20
confirmation,0.5,0.5,P,ols_raw,N,1.0,0.0,20
confirmation,0.5,0.5,P,ols_raw,N_long_C1,-0.012375467870149988,0.005583469165669865,20
confirmation,0.5,0.5,P,ols_std,M,-0.00793884064755925,0.0033498263349837558,20
confirmation,0.5,0.5,P,ols_std,N,1.0,0.0,20
confirmation,0.5,0.5,P,ols_std,N_long_C1,-0.012375467870149965,0.005583469165669878,20
confirmation,0.5,0.5,P,ridge,M,-0.0070727081528398445,0.0032805535831285236,20
confirmation,0.5,0.5,P,ridge,N,0.8965264223972229,0.06747784939676667,20
confirmation,0.5,0.5,P,ridge,N_long_C1,-0.010601774885306892,0.005127050213559459,20
confirmation,0.5,0.5,R,ols_raw,M,0.37547260917899383,0.037801457403638807,20
confirmation,0.5,0.5,R,ols_raw,N,-0.012377529337426163,0.010051868206934211,20
confirmation,0.5,0.5,R,ols_raw,N_long_C1,-0.013492291873488337,0.004316333129789766,20
confirmation,0.5,0.5,R,ols_std,M,0.3754726091789938,0.03780145740363915,20
confirmation,0.5,0.5,R,ols_std,N,-0.012377529337426196,0.010051868206934253,20
confirmation,0.5,0.5,R,ols_std,N_long_C1,-0.013492291873488304,0.00431633312978968,20
confirmation,0.5,0.5,R,ridge,M,0.23718723794395813,0.02873405334819487,20
confirmation,0.5,0.5,R,ridge,N,-0.007475967035947484,0.006556070173404964,20
confirmation,0.5,0.5,R,ridge,N_long_C1,-0.008661200266401806,0.0027651506029908483,20
confirmation,0.5,0.75,ALL,ols_std,M,0.5294344982963335,0.011070596890421242,20
confirmation,0.5,0.75,ALL,ols_std,N,1.0,0.0,20
confirmation,0.5,0.75,ALL,ols_std,N_long_C1,0.3949741838083108,0.03508999107980991,20
confirmation,0.5,0.75,ALL,ridge,M,0.27035003493525317,0.03083157597636622,20
confirmation,0.5,0.75,ALL,ridge,N,0.9992293588284538,0.0003397050377241424,20
confirmation,0.5,0.75,ALL,ridge,N_long_C1,-0.005200829778364302,0.010576618615303094,20
confirmation,0.5,0.75,CLS,ols_std,M,0.3110356915440957,0.01750725547117213,20
confirmation,0.5,0.75,CLS,ols_std,N,0.9999988880074502,8.708260728255762e-07,20
confirmation,0.5,0.75,CLS,ols_std,N_long_C1,0.25457559068672303,0.03274454902395044,20
confirmation,0.5,0.75,CLS,ridge,M,0.08602789174366941,0.01625103414934086,20
confirmation,0.5,0.75,CLS,ridge,N,0.999186280022494,0.00033820960381589845,20
confirmation,0.5,0.75,CLS,ridge,N_long_C1,-0.0027320448594277402,0.010210129169506145,20
confirmation,0.5,0.75,J,ols_raw,M,0.3095698831246473,0.017666771747975898,20
confirmation,0.5,0.75,J,ols_raw,N,0.9999987496958361,1.1529754658168877e-06,20
confirmation,0.5,0.75,J,ols_raw,N_long_C1,0.25166701125564417,0.031081519463132406,20
confirmation,0.5,0.75,J,ols_std,M,0.3095698831247521,0.017666771747912438,20
confirmation,0.5,0.75,J,ols_std,N,0.9999987496958361,1.152975465818447e-06,20
confirmation,0.5,0.75,J,ols_std,N_long_C1,0.2516670112554095,0.03108151946298885,20
confirmation,0.5,0.75,J,ridge,M,0.06773268292829056,0.01590343657055288,20
confirmation,0.5,0.75,J,ridge,N,0.9985915389285202,0.0006398153121733016,20
confirmation,0.5,0.75,J,ridge,N_long_C1,-0.00859530104800767,0.008374447227421408,20
confirmation,0.5,0.75,P,ols_raw,M,-0.007938840647559182,0.003349826334983803,20
confirmation,0.5,0.75,P,ols_raw,N,1.0,0.0,20
confirmation,0.5,0.75,P,ols_raw,N_long_C1,-0.012375467870149964,0.0055834691656698335,20
confirmation,0.5,0.75,P,ols_std,M,-0.007938840647559205,0.0033498263349837905,20
confirmation,0.5,0.75,P,ols_std,N,1.0,0.0,20
confirmation,0.5,0.75,P,ols_std,N_long_C1,-0.01237546787015,0.005583469165669855,20
confirmation,0.5,0.75,P,ridge,M,-0.007397989527808077,0.0033059230767254768,20
confirmation,0.5,0.75,P,ridge,N,0.9607377630540233,0.03389218905055394,20
confirmation,0.5,0.75,P,ridge,N_long_C1,-0.01130587974921126,0.00533563787576037,20
confirmation,0.5,0.75,R,ols_raw,M,0.37547260917899383,0.037801457403638807,20
confirmation,0.5,0.75,R,ols_raw,N,-0.012377529337426163,0.010051868206934211,20
confirmation,0.5,0.75,R,ols_raw,N_long_C1,-0.013492291873488337,0.004316333129789766,20
confirmation,0.5,0.75,R,ols_std,M,0.3754726091789938,0.03780145740363915,20
confirmation,0.5,0.75,R,ols_std,N,-0.012377529337426196,0.010051868206934253,20
confirmation,0.5,0.75,R,ols_std,N_long_C1,-0.013492291873488304,0.00431633312978968,20
confirmation,0.5,0.75,R,ridge,M,0.23718723794395813,0.02873405334819487,20
confirmation,0.5,0.75,R,ridge,N,-0.007475967035947484,0.006556070173404964,20
confirmation,0.5,0.75,R,ridge,N_long_C1,-0.008661200266401806,0.0027651506029908483,20
confirmation,0.5,1.0,ALL,ols_std,M,0.529295739346383,0.011299078456846894,20
confirmation,0.5,1.0,ALL,ols_std,N,1.0,0.0,20
confirmation,0.5,1.0,ALL,ols_std,N_long_C1,0.39583326339662206,0.0344354133108542,20
confirmation,0.5,1.0,ALL,ridge,M,0.2703829453283573,0.030502722222406138,20
confirmation,0.5,1.0,ALL,ridge,N,0.9996376270369716,0.00018830157021264358,20
confirmation,0.5,1.0,ALL,ridge,N_long_C1,-0.0016874067120935918,0.012460854063198358,20
confirmation,0.5,1.0,CLS,ols_std,M,0.31103569154415445,0.01750725547126009,20
confirmation,0.5,1.0,CLS,ols_std,N,0.9999988880074502,8.708260728255762e-07,20
confirmation,0.5,1.0,CLS,ols_std,N_long_C1,0.2545755906866599,0.032744549023832,20
confirmation,0.5,1.0,CLS,ridge,M,0.09054678953135495,0.01654025483962898,20
confirmation,0.5,1.0,CLS,ridge,N,0.9996047328836829,0.00020822063946114623,20
confirmation,0.5,1.0,CLS,ridge,N_long_C1,0.0022917228857753406,0.012669922091787057,20
confirmation,0.5,1.0,J,ols_raw,M,0.30917685417195184,0.017787113756444515,20
confirmation,0.5,1.0,J,ols_raw,N,0.999998749881071,1.1534655587738057e-06,20
confirmation,0.5,1.0,J,ols_raw,N_long_C1,0.25219137389512564,0.031020990770172067,20
confirmation,0.5,1.0,J,ols_std,M,0.30917685417197993,0.01778711375639811,20
confirmation,0.5,1.0,J,ols_std,N,0.999998749881071,1.1534655587738057e-06,20
confirmation,0.5,1.0,J,ols_std,N_long_C1,0.2521913738951786,0.031020990770240543,20
confirmation,0.5,1.0,J,ridge,M,0.07243216649048081,0.015282829183760631,20
confirmation,0.5,1.0,J,ridge,N,0.9993435408214706,0.00033976432822105,20
confirmation,0.5,1.0,J,ridge,N_long_C1,-0.0062299005314569835,0.0096334210894173,20
confirmation,0.5,1.0,P,ols_raw,M,-0.007938840647559226,0.0033498263349838013,20
confirmation,0.5,1.0,P,ols_raw,N,1.0,0.0,20
confirmation,0.5,1.0,P,ols_raw,N_long_C1,-0.012375467870149991,0.005583469165669845,20
confirmation,0.5,1.0,P,ols_std,M,-0.007938840647559203,0.003349826334983808,20
confirmation,0.5,1.0,P,ols_std,N,1.0,0.0,20
confirmation,0.5,1.0,P,ols_std,N_long_C1,-0.012375467870149998,0.005583469165669858,20
confirmation,0.5,1.0,P,ridge,M,-0.007691040218529968,0.0032908689698389697,20
confirmation,0.5,1.0,P,ridge,N,0.9935081657374635,0.005042010396430492,20
confirmation,0.5,1.0,P,ridge,N_long_C1,-0.01188615320283084,0.005450685737642725,20
confirmation,0.5,1.0,R,ols_raw,M,0.37547260917899383,0.037801457403638807,20
confirmation,0.5,1.0,R,ols_raw,N,-0.012377529337426163,0.010051868206934211,20
confirmation,0.5,1.0,R,ols_raw,N_long_C1,-0.013492291873488337,0.004316333129789766,20
confirmation,0.5,1.0,R,ols_std,M,0.3754726091789938,0.03780145740363915,20
confirmation,0.5,1.0,R,ols_std,N,-0.012377529337426196,0.010051868206934253,20
confirmation,0.5,1.0,R,ols_std,N_long_C1,-0.013492291873488304,0.00431633312978968,20
confirmation,0.5,1.0,R,ridge,M,0.23718723794395813,0.02873405334819487,20
confirmation,0.5,1.0,R,ridge,N,-0.007475967035947484,0.006556070173404964,20
confirmation,0.5,1.0,R,ridge,N_long_C1,-0.008661200266401806,0.0027651506029908483,20
confirmation,0.75,0.0,ALL,ols_std,M,0.465661411343549,0.019937065097805844,20
confirmation,0.75,0.0,ALL,ols_std,N,0.3187198055874433,0.012003018903760829,20
confirmation,0.75,0.0,ALL,ols_std,N_long_C1,0.04562444969290151,0.025543759184433832,20
confirmation,0.75,0.0,ALL,ridge,M,0.4052251828797885,0.03192303277339606,20
confirmation,0.75,0.0,ALL,ridge,N,0.32302380368519124,0.01009988181924648,20
confirmation,0.75,0.0,ALL,ridge,N_long_C1,0.02182492727075138,0.020350462131590575,20
confirmation,0.75,0.0,CLS,ols_std,M,0.05180676391538165,0.01933077082724543,20
confirmation,0.75,0.0,CLS,ols_std,N,0.32455151190116033,0.01032861305175973,20
confirmation,0.75,0.0,CLS,ols_std,N_long_C1,0.005159170957609024,0.010416304185009866,20
confirmation,0.75,0.0,CLS,ridge,M,0.04665985435135646,0.02190777528152983,20
confirmation,0.75,0.0,CLS,ridge,N,0.32538276075599215,0.009308014731647307,20
confirmation,0.75,0.0,CLS,ridge,N_long_C1,0.004943845352228816,0.01061961519537725,20
confirmation,0.75,0.0,J,ols_raw,M,0.05180676391538157,0.019330770827245464,20
confirmation,0.75,0.0,J,ols_raw,N,0.32455151190116044,0.010328613051759753,20
confirmation,0.75,0.0,J,ols_raw,N_long_C1,0.005159170957609091,0.010416304185009793,20
confirmation,0.75,0.0,J,ols_std,M,0.051806763915381894,0.019330770827245315,20
confirmation,0.75,0.0,J,ols_std,N,0.3245515119011609,0.01032861305175989,20
confirmation,0.75,0.0,J,ols_std,N_long_C1,0.005159170957609006,0.010416304185010087,20
confirmation,0.75,0.0,J,ridge,M,0.042530576636841566,0.022987078755718218,20
confirmation,0.75,0.0,J,ridge,N,0.3257981202878908,0.008740534291974793,20
confirmation,0.75,0.0,J,ridge,N_long_C1,0.004015281966773038,0.010555556855609645,20
confirmation,0.75,0.0,P,ols_raw,M,-0.004183028418592955,0.0030614860477787753,20
confirmation,0.75,0.0,P,ols_raw,N,-0.003771717959338059,0.003082610917844568,20
confirmation,0.75,0.0,P,ols_raw,N_long_C1,-0.0055144612585830855,0.0023543921562205255,20
confirmation,0.75,0.0,P,ols_std,M,-0.004183028418592961,0.0030614860477787757,20
confirmation,0.75,0.0,P,ols_std,N,-0.00377171795933806,0.003082610917844547,20
confirmation,0.75,0.0,P,ols_std,N_long_C1,-0.005514461258583083,0.0023543921562205364,20
confirmation,0.75,0.0,P,ridge,M,-0.004182920819810216,0.003061441344959964,20
confirmation,0.75,0.0,P,ridge,N,-0.003771642593052913,0.0030825185022912574,20
confirmation,0.75,0.0,P,ridge,N_long_C1,-0.005514282788288818,0.0023543069686288187,20
confirmation,0.75,0.0,R,ols_raw,M,0.3929695340621424,0.03204910891613994,20
confirmation,0.75,0.0,R,ols_raw,N,-0.011846783439761607,0.009202095175537628,20
confirmation,0.75,0.0,R,ols_raw,N_long_C1,-0.013554785495217072,0.004174261520228279,20
confirmation,0.75,0.0,R,ols_std,M,0.39296953406214247,0.03204910891613998,20
confirmation,0.75,0.0,R,ols_std,N,-0.011846783439761466,0.009202095175537708,20
confirmation,0.75,0.0,R,ols_std,N_long_C1,-0.013554785495217011,0.004174261520228234,20
confirmation,0.75,0.0,R,ridge,M,0.36436834410434155,0.031900215947896014,20
confirmation,0.75,0.0,R,ridge,N,-0.009566368541917248,0.007992280696956539,20
confirmation,0.75,0.0,R,ridge,N_long_C1,-0.011045785120760798,0.003362329236039734,20
confirmation,0.75,0.25,ALL,ols_std,M,0.5263635363326318,0.011672763740020378,20
confirmation,0.75,0.25,ALL,ols_std,N,1.0,0.0,20
confirmation,0.75,0.25,ALL,ols_std,N_long_C1,0.41127239296614737,0.035650685669954156,20
confirmation,0.75,0.25,ALL,ridge,M,0.405449811927972,0.030966903948169235,20
confirmation,0.75,0.25,ALL,ridge,N,0.9844817239995305,0.008980555777574745,20
confirmation,0.75,0.25,ALL,ridge,N_long_C1,0.056413422120450286,0.027184958434788336,20
confirmation,0.75,0.25,CLS,ols_std,M,0.3097636135805264,0.01609907413355348,20
confirmation,0.75,0.25,CLS,ols_std,N,0.9999569233997236,3.249274264957041e-05,20
confirmation,0.75,0.25,CLS,ols_std,N_long_C1,0.2638111743056981,0.03212425665996639,20
confirmation,0.75,0.25,CLS,ridge,M,0.14846059608188783,0.03032964728027532,20
confirmation,0.75,0.25,CLS,ridge,N,0.9813802411423709,0.009969735340521651,20
confirmation,0.75,0.25,CLS,ridge,N_long_C1,0.04159820439225317,0.020911162234413045,20
confirmation,0.75,0.25,J,ols_raw,M,0.3088274077358365,0.015953255391940126,20
confirmation,0.75,0.25,J,ols_raw,N,0.9999541647578637,3.477390684277413e-05,20
confirmation,0.75,0.25,J,ols_raw,N_long_C1,0.2587362729367804,0.029152339932754408,20
confirmation,0.75,0.25,J,ols_std,M,0.30882740773585865,0.01595325539184238,20
confirmation,0.75,0.25,J,ols_std,N,0.9999541647578637,3.477390684285206e-05,20
confirmation,0.75,0.25,J,ols_std,N_long_C1,0.2587362729368058,0.029152339932781685,20
confirmation,0.75,0.25,J,ridge,M,0.12389151872852436,0.03597549086799634,20
confirmation,0.75,0.25,J,ridge,N,0.9634442707634964,0.020852290137411272,20
confirmation,0.75,0.25,J,ridge,N_long_C1,0.02511127493920176,0.015241518853613903,20
confirmation,0.75,0.25,P,ols_raw,M,-0.007938840647559217,0.0033498263349838074,20
confirmation,0.75,0.25,P,ols_raw,N,1.0,0.0,20
confirmation,0.75,0.25,P,ols_raw,N_long_C1,-0.01237546787014993,0.0055834691656699,20
confirmation,0.75,0.25,P,ols_std,M,-0.007938840647559176,0.0033498263349837775,20
confirmation,0.75,0.25,P,ols_std,N,1.0,0.0,20
confirmation,0.75,0.25,P,ols_std,N_long_C1,-0.012375467870149929,0.005583469165669861,20
confirmation,0.75,0.25,P,ridge,M,-0.006387168719111272,0.0032448852484288455,20
confirmation,0.75,0.25,P,ridge,N,0.6909605359792488,0.10204394700053791,20
confirmation,0.75,0.25,P,ridge,N_long_C1,-0.008937287140202397,0.004243553231569699,20
confirmation,0.75,0.25,R,ols_raw,M,0.3929695340621424,0.03204910891613994,20
confirmation,0.75,0.25,R,ols_raw,N,-0.011846783439761607,0.009202095175537628,20
confirmation,0.75,0.25,R,ols_raw,N_long_C1,-0.013554785495217072,0.004174261520228279,20
confirmation,0.75,0.25,R,ols_std,M,0.39296953406214247,0.03204910891613998,20
confirmation,0.75,0.25,R,ols_std,N,-0.011846783439761466,0.009202095175537708,20
confirmation,0.75,0.25,R,ols_std,N_long_C1,-0.013554785495217011,0.004174261520228234,20
confirmation,0.75,0.25,R,ridge,M,0.36436834410434155,0.031900215947896014,20
confirmation,0.75,0.25,R,ridge,N,-0.009566368541917248,0.007992280696956539,20
confirmation,0.75,0.25,R,ridge,N_long_C1,-0.011045785120760798,0.003362329236039734,20
confirmation,0.75,0.5,ALL,ols_std,M,0.5263074799390968,0.011590615682961394,20
confirmation,0.75,0.5,ALL,ols_std,N,1.0,0.0,20
confirmation,0.75,0.5,ALL,ols_std,N_long_C1,0.41169255680419425,0.03516366316229759,20
confirmation,0.75,0.5,ALL,ridge,M,0.40569196837189037,0.03076557930781164,20
confirmation,0.75,0.5,ALL,ridge,N,0.996193658834804,0.0015339990828221485,20
confirmation,0.75,0.5,ALL,ridge,N_long_C1,0.07608210285202034,0.025907435294381966,20
confirmation,0.75,0.5,CLS,ols_std,M,0.3097636135804966,0.01609907413350116,20
confirmation,0.75,0.5,CLS,ols_std,N,0.9999569233997236,3.249274264957439e-05,20
confirmation,0.75,0.5,CLS,ols_std,N_long_C1,0.2638111743057093,0.03212425665990464,20
confirmation,0.75,0.5,CLS,ridge,M,0.1691049588734574,0.024814132293581512,20
confirmation,0.75,0.5,CLS,ridge,N,0.9958816378668072,0.0014308320171718635,20
confirmation,0.75,0.5,CLS,ridge,N_long_C1,0.06100188031654421,0.02179913522504672,20
confirmation,0.75,0.5,J,ols_raw,M,0.3082729634012387,0.015820828073641678,20
confirmation,0.75,0.5,J,ols_raw,N,0.9999527095293258,3.870652926533368e-05,20
confirmation,0.75,0.5,J,ols_raw,N_long_C1,0.25961381688327034,0.029791622421029954,20
confirmation,0.75,0.5,J,ols_std,M,0.30827296340128674,0.015820828073618173,20
confirmation,0.75,0.5,J,ols_std,N,0.9999527095293258,3.870652926528155e-05,20
confirmation,0.75,0.5,J,ols_std,N_long_C1,0.259613816883286,0.02979162242099018,20
confirmation,0.75,0.5,J,ridge,M,0.1460489653707267,0.02765156125207654,20
confirmation,0.75,0.5,J,ridge,N,0.9927461111298491,0.003168746452535652,20
confirmation,0.75,0.5,J,ridge,N_long_C1,0.03882920711094487,0.015847485579659464,20
confirmation,0.75,0.5,P,ols_raw,M,-0.007938840647559207,0.003349826334983809,20
confirmation,0.75,0.5,P,ols_raw,N,1.0,0.0,20
confirmation,0.75,0.5,P,ols_raw,N_long_C1,-0.012375467870149988,0.005583469165669865,20
confirmation,0.75,0.5,P,ols_std,M,-0.00793884064755925,0.0033498263349837558,20
confirmation,0.75,0.5,P,ols_std,N,1.0,0.0,20
confirmation,0.75,0.5,P,ols_std,N_long_C1,-0.012375467870149965,0.005583469165669878,20
confirmation,0.75,0.5,P,ridge,M,-0.0070727081528398445,0.0032805535831285236,20
confirmation,0.75,0.5,P,ridge,N,0.8965264223972229,0.06747784939676667,20
confirmation,0.75,0.5,P,ridge,N_long_C1,-0.010601774885306892,0.005127050213559459,20
confirmation,0.75,0.5,R,ols_raw,M,0.3929695340621424,0.03204910891613994,20
confirmation,0.75,0.5,R,ols_raw,N,-0.011846783439761607,0.009202095175537628,20
confirmation,0.75,0.5,R,ols_raw,N_long_C1,-0.013554785495217072,0.004174261520228279,20
confirmation,0.75,0.5,R,ols_std,M,0.39296953406214247,0.03204910891613998,20
confirmation,0.75,0.5,R,ols_std,N,-0.011846783439761466,0.009202095175537708,20
confirmation,0.75,0.5,R,ols_std,N_long_C1,-0.013554785495217011,0.004174261520228234,20
confirmation,0.75,0.5,R,ridge,M,0.36436834410434155,0.031900215947896014,20
confirmation,0.75,0.5,R,ridge,N,-0.009566368541917248,0.007992280696956539,20
confirmation,0.75,0.5,R,ridge,N_long_C1,-0.011045785120760798,0.003362329236039734,20
confirmation,0.75,0.75,ALL,ols_std,M,0.5262805849715392,0.011563344872678943,20
confirmation,0.75,0.75,ALL,ols_std,N,1.0,0.0,20
confirmation,0.75,0.75,ALL,ols_std,N_long_C1,0.4121513502139818,0.03477554223928481,20
confirmation,0.75,0.75,ALL,ridge,M,0.40592233838072467,0.030529780445898616,20
confirmation,0.75,0.75,ALL,ridge,N,0.9985021544900918,0.0005611395284743561,20
confirmation,0.75,0.75,ALL,ridge,N_long_C1,0.0965837699174773,0.02619687141967923,20
confirmation,0.75,0.75,CLS,ols_std,M,0.30976361358047294,0.016099074133494748,20
confirmation,0.75,0.75,CLS,ols_std,N,0.9999569233997236,3.249274264956761e-05,20
confirmation,0.75,0.75,CLS,ols_std,N_long_C1,0.2638111743056719,0.032124256659943604,20
confirmation,0.75,0.75,CLS,ridge,M,0.18113781588952246,0.022566565459504712,20
confirmation,0.75,0.75,CLS,ridge,N,0.9982709810905315,0.0006204103778290654,20
confirmation,0.75,0.75,CLS,ridge,N_long_C1,0.08317300094843674,0.02607991424863843,20
confirmation,0.75,0.75,J,ols_raw,M,0.3077271940866365,0.015551586242643134,20
confirmation,0.75,0.75,J,ols_raw,N,0.9999509866738692,4.4222363041301215e-05,20
confirmation,0.75,0.75,J,ols_raw,N_long_C1,0.2604455916506631,0.029895164185694125,20
confirmation,0.75,0.75,J,ols_std,M,0.3077271940866518,0.015551586242635772,20
confirmation,0.75,0.75,J,ols_std,N,0.999950986673869,4.422236304126705e-05,20
confirmation,0.75,0.75,J,ols_std,N_long_C1,0.26044559165063264,0.029895164185716798,20
confirmation,0.75,0.75,J,ridge,M,0.15712979543981478,0.023528638022832612,20
confirmation,0.75,0.75,J,ridge,N,0.9970683527054408,0.0011950747944387049,20
confirmation,0.75,0.75,J,ridge,N_long_C1,0.05494011447173559,0.01747045203294001,20
confirmation,0.75,0.75,P,ols_raw,M,-0.007938840647559182,0.003349826334983803,20
confirmation,0.75,0.75,P,ols_raw,N,1.0,0.0,20
confirmation,0.75,0.75,P,ols_raw,N_long_C1,-0.012375467870149964,0.0055834691656698335,20
confirmation,0.75,0.75,P,ols_std,M,-0.007938840647559205,0.0033498263349837905,20
confirmation,0.75,0.75,P,ols_std,N,1.0,0.0,20
confirmation,0.75,0.75,P,ols_std,N_long_C1,-0.01237546787015,0.005583469165669855,20
confirmation,0.75,0.75,P,ridge,M,-0.007397989527808077,0.0033059230767254768,20
confirmation,0.75,0.75,P,ridge,N,0.9607377630540233,0.03389218905055394,20
confirmation,0.75,0.75,P,ridge,N_long_C1,-0.01130587974921126,0.00533563787576037,20
confirmation,0.75,0.75,R,ols_raw,M,0.3929695340621424,0.03204910891613994,20
confirmation,0.75,0.75,R,ols_raw,N,-0.011846783439761607,0.009202095175537628,20
confirmation,0.75,0.75,R,ols_raw,N_long_C1,-0.013554785495217072,0.004174261520228279,20
confirmation,0.75,0.75,R,ols_std,M,0.39296953406214247,0.03204910891613998,20
confirmation,0.75,0.75,R,ols_std,N,-0.011846783439761466,0.009202095175537708,20
confirmation,0.75,0.75,R,ols_std,N_long_C1,-0.013554785495217011,0.004174261520228234,20
confirmation,0.75,0.75,R,ridge,M,0.36436834410434155,0.031900215947896014,20
confirmation,0.75,0.75,R,ridge,N,-0.009566368541917248,0.007992280696956539,20
confirmation,0.75,0.75,R,ridge,N_long_C1,-0.011045785120760798,0.003362329236039734,20
confirmation,0.75,1.0,ALL,ols_std,M,0.52626575207027,0.011594728050071805,20
confirmation,0.75,1.0,ALL,ols_std,N,1.0,0.0,20
confirmation,0.75,1.0,ALL,ols_std,N_long_C1,0.41269896541208145,0.03441135672145584,20
confirmation,0.75,1.0,ALL,ridge,M,0.40611244863246254,0.03004217917008741,20
confirmation,0.75,1.0,ALL,ridge,N,0.9992686535841528,0.0002914914223239325,20
confirmation,0.75,1.0,ALL,ridge,N_long_C1,0.12182281231940603,0.03435061834136485,20
confirmation,0.75,1.0,CLS,ols_std,M,0.3097636135804714,0.01609907413350144,20
confirmation,0.75,1.0,CLS,ols_std,N,0.9999569233997236,3.2492742649555696e-05,20
confirmation,0.75,1.0,CLS,ols_std,N_long_C1,0.26381117430567624,0.03212425665994117,20
confirmation,0.75,1.0,CLS,ridge,M,0.1918534763963435,0.02324089624141431,20
confirmation,0.75,1.0,CLS,ridge,N,0.9991852997876588,0.0002827518733141684,20
confirmation,0.75,1.0,CLS,ridge,N_long_C1,0.11009252997196614,0.03499130755013373,20
confirmation,0.75,1.0,J,ols_raw,M,0.3075540482006865,0.015326413200592899,20
confirmation,0.75,1.0,J,ols_raw,N,0.9999510750369719,4.384785909196141e-05,20
confirmation,0.75,1.0,J,ols_raw,N_long_C1,0.2612436937768154,0.029795115714806763,20
confirmation,0.75,1.0,J,ols_std,M,0.3075540482006712,0.015326413200589029,20
confirmation,0.75,1.0,J,ols_std,N,0.9999510750369719,4.384785909197062e-05,20
confirmation,0.75,1.0,J,ols_std,N_long_C1,0.2612436937768058,0.02979511571483091,20
confirmation,0.75,1.0,J,ridge,M,0.16497220037163823,0.023379201990781823,20
confirmation,0.75,1.0,J,ridge,N,0.9984916640416316,0.0006440219635917621,20
confirmation,0.75,1.0,J,ridge,N_long_C1,0.07618816563307373,0.02625805737093915,20
confirmation,0.75,1.0,P,ols_raw,M,-0.007938840647559226,0.0033498263349838013,20
confirmation,0.75,1.0,P,ols_raw,N,1.0,0.0,20
confirmation,0.75,1.0,P,ols_raw,N_long_C1,-0.012375467870149991,0.005583469165669845,20
confirmation,0.75,1.0,P,ols_std,M,-0.007938840647559203,0.003349826334983808,20
confirmation,0.75,1.0,P,ols_std,N,1.0,0.0,20
confirmation,0.75,1.0,P,ols_std,N_long_C1,-0.012375467870149998,0.005583469165669858,20
confirmation,0.75,1.0,P,ridge,M,-0.007691040218529968,0.0032908689698389697,20
confirmation,0.75,1.0,P,ridge,N,0.9935081657374635,0.005042010396430492,20
confirmation,0.75,1.0,P,ridge,N_long_C1,-0.01188615320283084,0.005450685737642725,20
confirmation,0.75,1.0,R,ols_raw,M,0.3929695340621424,0.03204910891613994,20
confirmation,0.75,1.0,R,ols_raw,N,-0.011846783439761607,0.009202095175537628,20
confirmation,0.75,1.0,R,ols_raw,N_long_C1,-0.013554785495217072,0.004174261520228279,20
confirmation,0.75,1.0,R,ols_std,M,0.39296953406214247,0.03204910891613998,20
confirmation,0.75,1.0,R,ols_std,N,-0.011846783439761466,0.009202095175537708,20
confirmation,0.75,1.0,R,ols_std,N_long_C1,-0.013554785495217011,0.004174261520228234,20
confirmation,0.75,1.0,R,ridge,M,0.36436834410434155,0.031900215947896014,20
confirmation,0.75,1.0,R,ridge,N,-0.009566368541917248,0.007992280696956539,20
confirmation,0.75,1.0,R,ridge,N_long_C1,-0.011045785120760798,0.003362329236039734,20
confirmation,1.0,0.0,ALL,ols_std,M,0.43617476924414705,0.02028193644560935,20
confirmation,1.0,0.0,ALL,ols_std,N,0.3191010978200361,0.010407979547182596,20
confirmation,1.0,0.0,ALL,ols_std,N_long_C1,0.06438631528250169,0.022309033296007783,20
confirmation,1.0,0.0,ALL,ridge,M,0.4291224385265441,0.020732032723266312,20
confirmation,1.0,0.0,ALL,ridge,N,0.32040377242688745,0.009534264977885985,20
confirmation,1.0,0.0,ALL,ridge,N_long_C1,0.06476675493234932,0.02139719090179756,20
confirmation,1.0,0.0,CLS,ols_std,M,0.0765483649510462,0.02161651109764609,20
confirmation,1.0,0.0,CLS,ols_std,N,0.32236430097580404,0.008127538443715812,20
confirmation,1.0,0.0,CLS,ols_std,N_long_C1,0.020357947392553744,0.01126202171495777,20
confirmation,1.0,0.0,CLS,ridge,M,0.07653529563317205,0.02159550593227486,20
confirmation,1.0,0.0,CLS,ridge,N,0.32243356945055707,0.008115527636304265,20
confirmation,1.0,0.0,CLS,ridge,N_long_C1,0.02048522815381822,0.011176232409806437,20
confirmation,1.0,0.0,J,ols_raw,M,0.07654836495104622,0.02161651109764605,20
confirmation,1.0,0.0,J,ols_raw,N,0.3223643009758039,0.008127538443715866,20
confirmation,1.0,0.0,J,ols_raw,N_long_C1,0.020357947392553744,0.011262021714957736,20
confirmation,1.0,0.0,J,ols_std,M,0.07654836495104621,0.02161651109764608,20
confirmation,1.0,0.0,J,ols_std,N,0.3223643009758038,0.008127538443715889,20
confirmation,1.0,0.0,J,ols_std,N_long_C1,0.020357947392553696,0.011262021714957807,20
confirmation,1.0,0.0,J,ridge,M,0.07646652860044019,0.02163486392148227,20
confirmation,1.0,0.0,J,ridge,N,0.3224985716808842,0.008104570721090226,20
confirmation,1.0,0.0,J,ridge,N_long_C1,0.020566434183727923,0.011146233287570993,20
confirmation,1.0,0.0,P,ols_raw,M,-0.004183028418592955,0.0030614860477787753,20
confirmation,1.0,0.0,P,ols_raw,N,-0.003771717959338059,0.003082610917844568,20
confirmation,1.0,0.0,P,ols_raw,N_long_C1,-0.0055144612585830855,0.0023543921562205255,20
confirmation,1.0,0.0,P,ols_std,M,-0.004183028418592961,0.0030614860477787757,20
confirmation,1.0,0.0,P,ols_std,N,-0.00377171795933806,0.003082610917844547,20
confirmation,1.0,0.0,P,ols_std,N_long_C1,-0.005514461258583083,0.0023543921562205364,20
confirmation,1.0,0.0,P,ridge,M,-0.004182920819810216,0.003061441344959964,20
confirmation,1.0,0.0,P,ridge,N,-0.003771642593052913,0.0030825185022912574,20
confirmation,1.0,0.0,P,ridge,N_long_C1,-0.005514282788288818,0.0023543069686288187,20
confirmation,1.0,0.0,R,ols_raw,M,0.35903291936576326,0.030637023631131154,20
confirmation,1.0,0.0,R,ols_raw,N,-0.011250289765817129,0.0076788797265571985,20
confirmation,1.0,0.0,R,ols_raw,N_long_C1,-0.013439544125805647,0.004091097289440278,20
confirmation,1.0,0.0,R,ols_std,M,0.35903291936576326,0.03063702363113115,20
confirmation,1.0,0.0,R,ols_std,N,-0.01125028976581718,0.007678879726557143,20
confirmation,1.0,0.0,R,ols_std,N_long_C1,-0.01343954412580568,0.004091097289440309,20
confirmation,1.0,0.0,R,ridge,M,0.3588702093658032,0.03036868671507336,20
confirmation,1.0,0.0,R,ridge,N,-0.010917191662689263,0.007557883296437113,20
confirmation,1.0,0.0,R,ridge,N_long_C1,-0.013031046208276758,0.003970715528877316,20
confirmation,1.0,0.25,ALL,ols_std,M,0.4967086501470758,0.020824510389011584,20
confirmation,1.0,0.25,ALL,ols_std,N,1.0,0.0,20
confirmation,1.0,0.25,ALL,ols_std,N_long_C1,0.41868470893359555,0.03392977036996607,20
confirmation,1.0,0.25,ALL,ridge,M,0.4273325638646096,0.020107283783939195,20
confirmation,1.0,0.25,ALL,ridge,N,0.9826086858224888,0.010572111834465154,20
confirmation,1.0,0.25,ALL,ridge,N_long_C1,0.18734946804374145,0.03078662966571556,20
confirmation,1.0,0.25,CLS,ols_std,M,0.29411228015967705,0.015841966797271054,20
confirmation,1.0,0.25,CLS,ols_std,N,0.998145492040676,0.0015045560394566823,20
confirmation,1.0,0.25,CLS,ols_std,N_long_C1,0.2547002246289359,0.03732944847649827,20
confirmation,1.0,0.25,CLS,ridge,M,0.20875089897603777,0.020777345643795915,20
confirmation,1.0,0.25,CLS,ridge,N,0.9542397914445578,0.0161701251604507,20
confirmation,1.0,0.25,CLS,ridge,N_long_C1,0.12474590325801845,0.019814251670292386,20
confirmation,1.0,0.25,J,ols_raw,M,0.2926264944974919,0.014229805528799228,20
confirmation,1.0,0.25,J,ols_raw,N,0.9980493642009745,0.0015685628839700908,20
confirmation,1.0,0.25,J,ols_raw,N_long_C1,0.2512400692428451,0.03379543862099625,20
confirmation,1.0,0.25,J,ols_std,M,0.29262649449744715,0.014229805528751098,20
confirmation,1.0,0.25,J,ols_std,N,0.9980493642009742,0.0015685628839702257,20
confirmation,1.0,0.25,J,ols_std,N_long_C1,0.251240069242759,0.03379543862096373,20
confirmation,1.0,0.25,J,ridge,M,0.19213765402778343,0.020442570143682295,20
confirmation,1.0,0.25,J,ridge,N,0.9252075511717843,0.026139647951681746,20
confirmation,1.0,0.25,J,ridge,N_long_C1,0.10111968399728617,0.017771339627220283,20
confirmation,1.0,0.25,P,ols_raw,M,-0.007938840647559217,0.0033498263349838074,20
confirmation,1.0,0.25,P,ols_raw,N,1.0,0.0,20
confirmation,1.0,0.25,P,ols_raw,N_long_C1,-0.01237546787014993,0.0055834691656699,20
confirmation,1.0,0.25,P,ols_std,M,-0.007938840647559176,0.0033498263349837775,20
confirmation,1.0,0.25,P,ols_std,N,1.0,0.0,20
confirmation,1.0,0.25,P,ols_std,N_long_C1,-0.012375467870149929,0.005583469165669861,20
confirmation,1.0,0.25,P,ridge,M,-0.006387168719111272,0.0032448852484288455,20
confirmation,1.0,0.25,P,ridge,N,0.6909605359792488,0.10204394700053791,20
confirmation,1.0,0.25,P,ridge,N_long_C1,-0.008937287140202397,0.004243553231569699,20
confirmation,1.0,0.25,R,ols_raw,M,0.35903291936576326,0.030637023631131154,20
confirmation,1.0,0.25,R,ols_raw,N,-0.011250289765817129,0.0076788797265571985,20
confirmation,1.0,0.25,R,ols_raw,N_long_C1,-0.013439544125805647,0.004091097289440278,20
confirmation,1.0,0.25,R,ols_std,M,0.35903291936576326,0.03063702363113115,20
confirmation,1.0,0.25,R,ols_std,N,-0.01125028976581718,0.007678879726557143,20
confirmation,1.0,0.25,R,ols_std,N_long_C1,-0.01343954412580568,0.004091097289440309,20
confirmation,1.0,0.25,R,ridge,M,0.3588702093658032,0.03036868671507336,20
confirmation,1.0,0.25,R,ridge,N,-0.010917191662689263,0.007557883296437113,20
confirmation,1.0,0.25,R,ridge,N_long_C1,-0.013031046208276758,0.003970715528877316,20
confirmation,1.0,0.5,ALL,ols_std,M,0.4965827841052948,0.020939952858054747,20
confirmation,1.0,0.5,ALL,ols_std,N,1.0,0.0,20
confirmation,1.0,0.5,ALL,ols_std,N_long_C1,0.4191058204846949,0.03398985191544641,20
confirmation,1.0,0.5,ALL,ridge,M,0.42724112175323026,0.019650561108350277,20
confirmation,1.0,0.5,ALL,ridge,N,0.9954382559806442,0.0013198802873503929,20
confirmation,1.0,0.5,ALL,ridge,N_long_C1,0.2305727396721534,0.033783898638530485,20
confirmation,1.0,0.5,CLS,ols_std,M,0.29411228015966995,0.015841966797296447,20
confirmation,1.0,0.5,CLS,ols_std,N,0.998145492040676,0.0015045560394567326,20
confirmation,1.0,0.5,CLS,ols_std,N_long_C1,0.2547002246289453,0.03732944847648042,20
confirmation,1.0,0.5,CLS,ridge,M,0.22925981880392024,0.01990873719744903,20
confirmation,1.0,0.5,CLS,ridge,N,0.9870486261142231,0.004345046743554375,20
confirmation,1.0,0.5,CLS,ridge,N_long_C1,0.16270571272633733,0.024493724775079093,20
confirmation,1.0,0.5,J,ols_raw,M,0.2922170264524488,0.013624323057724885,20
confirmation,1.0,0.5,J,ols_raw,N,0.9980134311896606,0.0016507914392729357,20
confirmation,1.0,0.5,J,ols_raw,N_long_C1,0.2519831499519449,0.035103885880996166,20
confirmation,1.0,0.5,J,ols_std,M,0.29221702645244746,0.013624323057731917,20
confirmation,1.0,0.5,J,ols_std,N,0.9980134311896606,0.001650791439272919,20
confirmation,1.0,0.5,J,ols_std,N_long_C1,0.25198314995195203,0.035103885880991545,20
confirmation,1.0,0.5,J,ridge,M,0.21214163805701397,0.019066974171026093,20
confirmation,1.0,0.5,J,ridge,N,0.9795116795963061,0.007247864629668922,20
confirmation,1.0,0.5,J,ridge,N_long_C1,0.1377471842211448,0.02381807914779567,20
confirmation,1.0,0.5,P,ols_raw,M,-0.007938840647559207,0.003349826334983809,20
confirmation,1.0,0.5,P,ols_raw,N,1.0,0.0,20
confirmation,1.0,0.5,P,ols_raw,N_long_C1,-0.012375467870149988,0.005583469165669865,20
confirmation,1.0,0.5,P,ols_std,M,-0.00793884064755925,0.0033498263349837558,20
confirmation,1.0,0.5,P,ols_std,N,1.0,0.0,20
confirmation,1.0,0.5,P,ols_std,N_long_C1,-0.012375467870149965,0.005583469165669878,20
confirmation,1.0,0.5,P,ridge,M,-0.0070727081528398445,0.0032805535831285236,20
confirmation,1.0,0.5,P,ridge,N,0.8965264223972229,0.06747784939676667,20
confirmation,1.0,0.5,P,ridge,N_long_C1,-0.010601774885306892,0.005127050213559459,20
confirmation,1.0,0.5,R,ols_raw,M,0.35903291936576326,0.030637023631131154,20
confirmation,1.0,0.5,R,ols_raw,N,-0.011250289765817129,0.0076788797265571985,20
confirmation,1.0,0.5,R,ols_raw,N_long_C1,-0.013439544125805647,0.004091097289440278,20
confirmation,1.0,0.5,R,ols_std,M,0.35903291936576326,0.03063702363113115,20
confirmation,1.0,0.5,R,ols_std,N,-0.01125028976581718,0.007678879726557143,20
confirmation,1.0,0.5,R,ols_std,N_long_C1,-0.01343954412580568,0.004091097289440309,20
confirmation,1.0,0.5,R,ridge,M,0.3588702093658032,0.03036868671507336,20
confirmation,1.0,0.5,R,ridge,N,-0.010917191662689263,0.007557883296437113,20
confirmation,1.0,0.5,R,ridge,N_long_C1,-0.013031046208276758,0.003970715528877316,20
confirmation,1.0,0.75,ALL,ols_std,M,0.49636515805072995,0.021265139705034707,20
confirmation,1.0,0.75,ALL,ols_std,N,1.0,0.0,20
confirmation,1.0,0.75,ALL,ols_std,N_long_C1,0.41953909901633973,0.033880749351321245,20
confirmation,1.0,0.75,ALL,ridge,M,0.4270549365395656,0.01935110596127935,20
confirmation,1.0,0.75,ALL,ridge,N,0.9980330801584255,0.0006930573000639968,20
confirmation,1.0,0.75,ALL,ridge,N_long_C1,0.26310931257140474,0.037386609443817165,20
confirmation,1.0,0.75,CLS,ols_std,M,0.294112280159671,0.01584196679729634,20
confirmation,1.0,0.75,CLS,ols_std,N,0.998145492040676,0.0015045560394566142,20
confirmation,1.0,0.75,CLS,ols_std,N_long_C1,0.2547002246289355,0.037329448476495865,20
confirmation,1.0,0.75,CLS,ridge,M,0.243812928503203,0.02075052304025655,20
confirmation,1.0,0.75,CLS,ridge,N,0.9933079075410763,0.0028413762888964615,20
confirmation,1.0,0.75,CLS,ridge,N_long_C1,0.19344743966489628,0.03007213537592121,20
confirmation,1.0,0.75,J,ols_raw,M,0.2918598705544269,0.013170513193672769,20
confirmation,1.0,0.75,J,ols_raw,N,0.997998545314022,0.0016893150690032684,20
confirmation,1.0,0.75,J,ols_raw,N_long_C1,0.25245732280490335,0.03555898967928489,20
confirmation,1.0,0.75,J,ols_std,M,0.2918598705544303,0.013170513193675631,20
confirmation,1.0,0.75,J,ols_std,N,0.9979985453140218,0.001689315069003282,20
confirmation,1.0,0.75,J,ols_std,N_long_C1,0.25245732280489797,0.035558989679287,20
confirmation,1.0,0.75,J,ridge,M,0.2259671886570537,0.020104326154699995,20
confirmation,1.0,0.75,J,ridge,N,0.9897818006037387,0.003987105668114109,20
confirmation,1.0,0.75,J,ridge,N_long_C1,0.1688880740106507,0.02855732000936979,20
confirmation,1.0,0.75,P,ols_raw,M,-0.007938840647559182,0.003349826334983803,20
confirmation,1.0,0.75,P,ols_raw,N,1.0,0.0,20
confirmation,1.0,0.75,P,ols_raw,N_long_C1,-0.012375467870149964,0.0055834691656698335,20
confirmation,1.0,0.75,P,ols_std,M,-0.007938840647559205,0.0033498263349837905,20
confirmation,1.0,0.75,P,ols_std,N,1.0,0.0,20
confirmation,1.0,0.75,P,ols_std,N_long_C1,-0.01237546787015,0.005583469165669855,20
confirmation,1.0,0.75,P,ridge,M,-0.007397989527808077,0.0033059230767254768,20
confirmation,1.0,0.75,P,ridge,N,0.9607377630540233,0.03389218905055394,20
confirmation,1.0,0.75,P,ridge,N_long_C1,-0.01130587974921126,0.00533563787576037,20
confirmation,1.0,0.75,R,ols_raw,M,0.35903291936576326,0.030637023631131154,20
confirmation,1.0,0.75,R,ols_raw,N,-0.011250289765817129,0.0076788797265571985,20
confirmation,1.0,0.75,R,ols_raw,N_long_C1,-0.013439544125805647,0.004091097289440278,20
confirmation,1.0,0.75,R,ols_std,M,0.35903291936576326,0.03063702363113115,20
confirmation,1.0,0.75,R,ols_std,N,-0.01125028976581718,0.007678879726557143,20
confirmation,1.0,0.75,R,ols_std,N_long_C1,-0.01343954412580568,0.004091097289440309,20
confirmation,1.0,0.75,R,ridge,M,0.3588702093658032,0.03036868671507336,20
confirmation,1.0,0.75,R,ridge,N,-0.010917191662689263,0.007557883296437113,20
confirmation,1.0,0.75,R,ridge,N_long_C1,-0.013031046208276758,0.003970715528877316,20
confirmation,1.0,1.0,ALL,ols_std,M,0.4960693282448999,0.02177642197736086,20
confirmation,1.0,1.0,ALL,ols_std,N,1.0,0.0,20
confirmation,1.0,1.0,ALL,ols_std,N_long_C1,0.4198562616515,0.033672357457798986,20
confirmation,1.0,1.0,ALL,ridge,M,0.42665726206031723,0.019227741052290064,20
confirmation,1.0,1.0,ALL,ridge,N,0.9989710100099474,0.0004666466206677316,20
confirmation,1.0,1.0,ALL,ridge,N_long_C1,0.2902220201302586,0.04169316020446564,20
confirmation,1.0,1.0,CLS,ols_std,M,0.2941122801596741,0.015841966797297227,20
confirmation,1.0,1.0,CLS,ols_std,N,0.998145492040676,0.0015045560394566031,20
confirmation,1.0,1.0,CLS,ols_std,N_long_C1,0.25470022462893405,0.037329448476496885,20
confirmation,1.0,1.0,CLS,ridge,M,0.25729710902691433,0.018310345133495196,20
confirmation,1.0,1.0,CLS,ridge,N,0.9955558816419396,0.002152598362831213,20
confirmation,1.0,1.0,CLS,ridge,N_long_C1,0.21842235924847478,0.03526198023934557,20
confirmation,1.0,1.0,J,ols_raw,M,0.29181803754746916,0.013038142320291405,20
confirmation,1.0,1.0,J,ols_raw,N,0.9980165793300267,0.0016471177986913238,20
confirmation,1.0,1.0,J,ols_raw,N_long_C1,0.2528271261404548,0.0355977483808571,20
confirmation,1.0,1.0,J,ols_std,M,0.2918180375474714,0.013038142320293832,20
confirmation,1.0,1.0,J,ols_std,N,0.9980165793300267,0.0016471177986913494,20
confirmation,1.0,1.0,J,ols_std,N_long_C1,0.2528271261404533,0.03559774838085768,20
confirmation,1.0,1.0,J,ridge,M,0.23725257248390638,0.020643415598877574,20
confirmation,1.0,1.0,J,ridge,N,0.993201507357073,0.0031698164331666187,20
confirmation,1.0,1.0,J,ridge,N_long_C1,0.1939286349335607,0.033059366587561485,20
confirmation,1.0,1.0,P,ols_raw,M,-0.007938840647559226,0.0033498263349838013,20
confirmation,1.0,1.0,P,ols_raw,N,1.0,0.0,20
confirmation,1.0,1.0,P,ols_raw,N_long_C1,-0.012375467870149991,0.005583469165669845,20
confirmation,1.0,1.0,P,ols_std,M,-0.007938840647559203,0.003349826334983808,20
confirmation,1.0,1.0,P,ols_std,N,1.0,0.0,20
confirmation,1.0,1.0,P,ols_std,N_long_C1,-0.012375467870149998,0.005583469165669858,20
confirmation,1.0,1.0,P,ridge,M,-0.007691040218529968,0.0032908689698389697,20
confirmation,1.0,1.0,P,ridge,N,0.9935081657374635,0.005042010396430492,20
confirmation,1.0,1.0,P,ridge,N_long_C1,-0.01188615320283084,0.005450685737642725,20
confirmation,1.0,1.0,R,ols_raw,M,0.35903291936576326,0.030637023631131154,20
confirmation,1.0,1.0,R,ols_raw,N,-0.011250289765817129,0.0076788797265571985,20
confirmation,1.0,1.0,R,ols_raw,N_long_C1,-0.013439544125805647,0.004091097289440278,20
confirmation,1.0,1.0,R,ols_std,M,0.35903291936576326,0.03063702363113115,20
confirmation,1.0,1.0,R,ols_std,N,-0.01125028976581718,0.007678879726557143,20
confirmation,1.0,1.0,R,ols_std,N_long_C1,-0.01343954412580568,0.004091097289440309,20
confirmation,1.0,1.0,R,ridge,M,0.3588702093658032,0.03036868671507336,20
confirmation,1.0,1.0,R,ridge,N,-0.010917191662689263,0.007557883296437113,20
confirmation,1.0,1.0,R,ridge,N_long_C1,-0.013031046208276758,0.003970715528877316,20
